{"widgetList":[{"widgetComponentName":"LabelStatus","ref":"7","x":0,"y":0,"w":4,"h":4,"i":7,"moved":false,"widgetConfig":[{"WidgetComponentName":"LabelStatus","data":{"url":"http://localhost:8001/card0/AIState","displayname":"","userInputData":""}},{"edit":{"type":"LabelStatus","parseUrl":"","url":"http://localhost:8001/card0/AIState","index":"7","isShowStateVlaue":false,"isSubscribe":false},"props":{"fontSize":22,"title":"card0","titleSize":"is-medium","unit":"","EventType":"DataPublish"},"params":{"PokedPath":"http://localhost:8001/card0/AIState","action":"get","Args":{"action":"get","variables":[],"target":["self"]},"tempUserInputData":{},"shouldUpdate":false,"userInputData":[]}}]},{"widgetComponentName":"LabelStatus","ref":"8","x":4,"y":0,"w":4,"h":4,"i":8,"moved":false,"widgetConfig":[{"WidgetComponentName":"LabelStatus","data":{"url":"http://localhost:8001/card1/AIState","displayname":"","userInputData":""}},{"edit":{"type":"LabelStatus","parseUrl":"","url":"http://localhost:8001/card1/AIState","index":"8","isShowStateVlaue":false,"isSubscribe":false},"props":{"fontSize":22,"title":"card1","titleSize":"is-medium","unit":"","EventType":"DataPublish"},"params":{"PokedPath":"http://localhost:8001/card1/AIState","action":"get","Args":{"action":"get","variables":[],"target":["self"]},"tempUserInputData":{},"shouldUpdate":false,"userInputData":[]}}]},{"widgetComponentName":"LabelStatus","ref":"9","x":8,"y":0,"w":4,"h":4,"i":9,"moved":false,"widgetConfig":[{"WidgetComponentName":"LabelStatus","data":{"url":"http://localhost:8001/card2/AIState","displayname":"","userInputData":""}},{"edit":{"type":"LabelStatus","parseUrl":"","url":"http://localhost:8001/card2/AIState","index":"9","isShowStateVlaue":false,"isSubscribe":false},"props":{"fontSize":22,"title":"card2","titleSize":"is-medium","unit":"","EventType":"DataPublish"},"params":{"PokedPath":"http://localhost:8001/card2/AIState","action":"get","Args":{"action":"get","variables":[],"target":["self"]},"tempUserInputData":{},"shouldUpdate":false,"userInputData":[]}}]},{"widgetComponentName":"Method","ref":"14","x":0,"y":4,"w":4,"h":4,"i":14,"moved":false,"widgetConfig":[{"WidgetComponentName":"Method","data":{"url":"http://localhost:8001/card0/tryarm","displayname":"","userInputData":""}},{"edit":{"type":"method","parseUrl":"","url":"http://localhost:8001/card0/tryarm","index":"14"},"props":{"fontSize":25,"title":"card0","titleSize":""},"params":{"PokedPath":"http://localhost:8001/card0/tryarm","action":"invoke","Args":{"action":"invoke","variables":[],"target":["self"]},"tempUserInputData":{},"shouldUpdate":false,"userInputData":[]}}]},{"widgetComponentName":"Method","ref":"15","x":4,"y":4,"w":4,"h":4,"i":15,"moved":false,"widgetConfig":[{"WidgetComponentName":"Method","data":{"url":"http://localhost:8001/card1/tryarm","displayname":"","userInputData":""}},{"edit":{"type":"method","parseUrl":"","url":"http://localhost:8001/card1/tryarm","index":"15"},"props":{"fontSize":25,"title":"card1","titleSize":""},"params":{"PokedPath":"http://localhost:8001/card1/tryarm","action":"invoke","Args":{"action":"invoke","variables":[],"target":["self"]},"tempUserInputData":{},"shouldUpdate":false,"userInputData":[]}}]},{"widgetComponentName":"Method","ref":"16","x":8,"y":4,"w":4,"h":4,"i":16,"moved":false,"widgetConfig":[{"WidgetComponentName":"Method","data":{"url":"http://localhost:8001/card2/tryarm","displayname":"","userInputData":""}},{"edit":{"type":"method","parseUrl":"","url":"http://localhost:8001/card2/tryarm","index":"16"},"props":{"fontSize":25,"title":"card2","titleSize":""},"params":{"PokedPath":"http://localhost:8001/card2/tryarm","action":"invoke","Args":{"action":"invoke","variables":[],"target":["self"]},"tempUserInputData":{},"shouldUpdate":false,"userInputData":[]}}]}],"currentRef":"17"}