{
    "AliasTable":
    {
        "Card0":
        {
            "GetPath":"/card0/AIState",
            "ValueType":"System.Int32",
            "DefaultValue":0
        },
		"Card1":
        {
            "GetPath":"/card1/AIState",
            "ValueType":"System.Int32",
            "DefaultValue":0
        },
		"Card2":
        {
            "GetPath":"/card2/AIState",
            "ValueType":"System.Int32",
            "DefaultValue":0
        },
		"CurrentSeconds":
        {
            "GetPath":"/Daq/CurrentSeconds",
            "ValueType":"System.Int32",
            "DefaultValue":0
        },
		"GSReal":
        {
            "GetPath":"http://192.168.0.2:8003/GC/CurrentStateNO",
            "ValueType":"System.Int32",
            "DefaultValue":0
        },
        "Arm":
        {
            "GetPath":"/relay/Resource/Daq/Arm",
            "ValueType":"System.Int32",
            "DefaultValue":0
        },
        "Debug":
        {
            "GetPath":"/relay/Resource/Daq/Debug",
            "ValueType":"System.Int32",
            "DefaultValue":0
        },
        "GS":
        {
            "GetPath":"/relay/Resource/Daq/GS",
            "ValueType":"System.Int32",
            "DefaultValue":0
        },
        "Reset":
        {
            "GetPath":"/relay/Resource/Daq/Reset",
            "ValueType":"System.Int32",
            "DefaultValue":0
        }
    }
}