<?xml version="1.0"?>
<doc>
    <assembly>
        <name>JYPXI62022</name>
    </assembly>
    <members>
        <member name="T:JYPXI62022.JYLogLevel">
            <summary>
            日志级别定义
            </summary>
        </member>
        <member name="F:JYPXI62022.JYLogLevel.DEBUG">
            <summary>
            DEBUG Level指出细粒度信息事件对调试应用程序是非常有帮助的
            </summary>
        </member>
        <member name="F:JYPXI62022.JYLogLevel.INFO">
            <summary>
            INFO level表明 消息在粗粒度级别上突出强调应用程序的运行过程
            </summary>
        </member>
        <member name="F:JYPXI62022.JYLogLevel.WARN">
            <summary>
            WARN level表明会出现潜在错误的情形。
            </summary>
        </member>
        <member name="F:JYPXI62022.JYLogLevel.ERROR">
            <summary>
            ERROR level指出虽然发生错误事件，但仍然不影响系统的继续运行。
            </summary>
        </member>
        <member name="F:JYPXI62022.JYLogLevel.FATAL">
            <summary>
            FATAL level指出每个严重的错误事件将会导致应用程序的退出。
            </summary>
        </member>
        <member name="T:JYPXI62022.JYLog">
            <summary>
            日志打印类，用于在程序逻辑中打印一些日记记录到文件，方便调试程序，
            同时客户使用时如果遇到问题，也可以使能日志打印的功能，方便定位错误的原因
            </summary>
        </member>
        <member name="P:JYPXI62022.JYLog.LogLevel">
            <summary>
            日志等级，默认为ERROR
            </summary>
        </member>
        <member name="F:JYPXI62022.JYLog._logMsgQ">
            <summary>
            用于日志消息缓存的队列，首次调用时初始化
            </summary>
        </member>
        <member name="F:JYPXI62022.JYLog._timerWriteLog">
            <summary>
            轮询日志队列的定时器 
            </summary>
        </member>
        <member name="P:JYPXI62022.JYLog.EnableLog">
            <summary>
            使能日志打印功能
            </summary>
        </member>
        <member name="M:JYPXI62022.JYLog.Print(System.String,System.Object[])">
            <summary>
            写入日志文件,需要定义宏ENABLELOG 或 DEBUG，此方法兼容旧版
            </summary>
            <param name="logMsg">要打印的消息内容</param>
            <param name="args">参数</param>
        </member>
        <member name="M:JYPXI62022.JYLog.Print(JYPXI62022.JYLogLevel,System.String,System.Object[])">
            <summary>
            写入日志文件,需要定义宏ENABLELOG 或 DEBUG
            </summary>
            <param name="logLevel">日志等级</param>
            <param name="logMsg">要打印的消息内容</param>
            <param name="args">参数</param>
        </member>
        <member name="M:JYPXI62022.JYLog.Flush">
            <summary>
            当前缓存中的所有日志写入文件中
            </summary>
        </member>
        <member name="M:JYPXI62022.JYLog.FuncWriteLog(System.Object)">
            <summary>
            轮询日志队列的定时器回调函数
            </summary>
            <param name="state"></param>
        </member>
        <member name="T:JYPXI62022.JYErrorCode">
            <summary>
            错误代码的定义
            </summary>
        </member>
        <member name="F:JYPXI62022.JYErrorCode.NoError">
            <summary>
            无错误
            </summary>
        </member>
        <member name="F:JYPXI62022.JYErrorCode.TimeOut">
            <summary>
            超时
            </summary>
        </member>
        <member name="F:JYPXI62022.JYErrorCode.ErrorParam">
            <summary>
            参数错误
            </summary>
        </member>
        <member name="F:JYPXI62022.JYErrorCode.IncorrectCallOrder">
            <summary>
            调用顺序不正确
            </summary>
        </member>
        <member name="F:JYPXI62022.JYErrorCode.CannotCall">
            <summary>
            当前配置不能调用该方法
            </summary>
        </member>
        <member name="F:JYPXI62022.JYErrorCode.UserBufferError">
            <summary>
            用户缓冲区错误
            </summary>
        </member>
        <member name="F:JYPXI62022.JYErrorCode.BufferOverflow">
            <summary>
            缓冲区溢出
            </summary>
        </member>
        <member name="F:JYPXI62022.JYErrorCode.BufferDownflow">
            <summary>
            缓冲区下溢出
            </summary>
        </member>
        <member name="F:JYPXI62022.JYErrorCode.HardwareResourceReserved">
            <summary>
            硬件资源已被占用
            </summary>
        </member>
        <member name="T:JYPXI62022.JYDriverExceptionPublic">
            <summary>
            驱动常用错误代码枚举定义
            </summary>
        </member>
        <member name="F:JYPXI62022.JYDriverExceptionPublic.UnKnown">
            <summary>
            未知异常
            </summary>
        </member>
        <member name="F:JYPXI62022.JYDriverExceptionPublic.InitializeFailed">
            <summary>
            初始化失败
            </summary>
        </member>
        <member name="F:JYPXI62022.JYDriverExceptionPublic.TimeOut">
            <summary>
            超时
            </summary>
        </member>
        <member name="F:JYPXI62022.JYDriverExceptionPublic.ErrorParam">
            <summary>
            参数错误
            </summary>
        </member>
        <member name="F:JYPXI62022.JYDriverExceptionPublic.IncorrectCallOrder">
            <summary>
            调用顺序不正确
            </summary>
        </member>
        <member name="F:JYPXI62022.JYDriverExceptionPublic.CannotCall">
            <summary>
            当前配置不能调用该方法
            </summary>
        </member>
        <member name="F:JYPXI62022.JYDriverExceptionPublic.UserBufferError">
            <summary>
            用户缓冲区错误
            </summary>
        </member>
        <member name="F:JYPXI62022.JYDriverExceptionPublic.BufferOverflow">
            <summary>
            缓冲区溢出
            </summary>
        </member>
        <member name="F:JYPXI62022.JYDriverExceptionPublic.BufferDownflow">
            <summary>
            缓冲区下溢出
            </summary>
        </member>
        <member name="F:JYPXI62022.JYDriverExceptionPublic.HardwareResourceReserved">
            <summary>
            硬件资源已被占用
            </summary>
        </member>
        <member name="T:JYPXI62022.JYDriverException">
            <summary>
            JY异常类
            </summary>
        </member>
        <member name="P:JYPXI62022.JYDriverException.FollowingException">
            <summary>
            异常链表指针, 指向后一个异常。
            </summary>
        </member>
        <member name="M:JYPXI62022.JYDriverException.#ctor(System.Int32)">
            <summary>
            构造函数
            </summary>
        </member>
        <member name="M:JYPXI62022.JYDriverException.#ctor(JYPXI62022.JYDriverExceptionPublic)">
            <summary>
            构造函数
            </summary>
        </member>
        <member name="M:JYPXI62022.JYDriverException.#ctor(System.String,JYPXI62022.JYDriverExceptionPublic)">
            <summary>
            构造函数
            </summary>
        </member>
        <member name="M:JYPXI62022.JYDriverException.#ctor(JYPXI62022.JYDriverExceptionPublic,System.String,System.Object[])">
            <summary>
            构造函数
            </summary>
            <param name="msg">异常描述信息</param>
            <param name="errorCode">内部错误代码，通常是底层驱动返回的原始错误代码，无则默认为0</param>
        </member>
        <member name="M:JYPXI62022.JYDriverException.#ctor(System.Int32,System.String,System.Object[])">
            <summary>
            构造函数
            </summary>
            <param name="errorCode">内部错误代码，通常是底层驱动返回的原始错误代码，无则默认为0</param>
            <param name="msg">异常描述信息</param>
            <param name="args">格式化参数</param>
        </member>
        <member name="M:JYPXI62022.JYDriverException.#ctor(System.String,System.Exception)">
            <summary>
            构造函数
            </summary>
            <param name="msg">异常描述信息</param>
            <param name="innerException">导致当前异常的异常。如果 innerException 不为 null，则在处理内部异常的 catch 块中引发当前异常。</param>
            <param name="errorCode">内部错误代码，通常是底层驱动返回的原始错误代码，无则默认为0</param>
        </member>
        <member name="F:JYPXI62022.JYDriverException.ErrorCode">
            <summary>
            错误代码
            </summary>
        </member>
        <member name="T:JYPXI62022.JYDriverThreadExceptionManager">
            <summary>
            线程抛出异常管理类
            </summary>
        </member>
        <member name="F:JYPXI62022.JYDriverThreadExceptionManager._headException">
            <summary>
            异常链表头指针。收集非主线程产生的异常并链接成链表，在调用Stop()方法时将这些异常反馈给用户。
            </summary>
        </member>
        <member name="F:JYPXI62022.JYDriverThreadExceptionManager._currentException">
            <summary>
            异常链表当前节点
            </summary>
        </member>
        <member name="M:JYPXI62022.JYDriverThreadExceptionManager.ClearThreadExceptions">
            <summary>
            清除非主线程产生的异常
            </summary>
        </member>
        <member name="M:JYPXI62022.JYDriverThreadExceptionManager.ReportThreadExceptions">
            <summary>
            报告异常
            </summary>
        </member>
        <member name="M:JYPXI62022.JYDriverThreadExceptionManager.AppendThreadException(JYPXI62022.JYDriverException)">
            <summary>
            将异常添加到异常变量
            </summary>
            <param name="e">异常对象</param>
            <remarks>
            若使用 
            <code> (DaqTaskException)Activator.CreateInstance(e.GetType(), e.Message, _currentException);</code>
            , 虽不必使用FollowingException属性, 但 e.InnerException 信息将丢失.
            </remarks>
        </member>
        <member name="T:JYPXI62022.WaitEvent">
            <summary>
            等待事件类
            </summary>
        </member>
        <member name="P:JYPXI62022.WaitEvent.Event">
            <summary>
            AutoResetEvent事件对象
            </summary>
        </member>
        <member name="P:JYPXI62022.WaitEvent.ConditionHandler">
            <summary>
            执行此操作，返回值为true时，发出（Set）事件（Event）；否则不发出事件。
            </summary>
        </member>
        <member name="P:JYPXI62022.WaitEvent.IsEnabled">
            <summary>
            事件是否处于被等待状态
            </summary>
        </member>
        <member name="M:JYPXI62022.WaitEvent.#ctor(System.Func{System.Boolean})">
            <summary>
            创建等待事件对象
            </summary>
            <param name="conditionHandler">事件触发条件</param>
        </member>
        <member name="M:JYPXI62022.WaitEvent.EnqueueWait(System.Collections.Generic.Queue{JYPXI62022.WaitEvent},System.Int32)">
            <summary>
            <para>加入事件队列，并等待一段时间，判断事件是否触发。</para>
            <para>若检测到ConditionHandler()或者timeout为0，立即返回，不使用Event.</para>
            </summary>
            <param name="evQueue">事件队列</param>
            <param name="timeout">超时时间(单位:ms)</param>
            <returns>
            <para>true---触发条件满足</para>
            <para>false---触发条件不满足</para>
            </returns>
        </member>
        <member name="M:JYPXI62022.WaitEvent.Wait(System.Int32)">
            <summary>
            等待一段时间，判断事件是否发出。（不加入事件队列）
            若检测到ConditionHandler()或者timeout为0，立即返回，不使用Event.
            </summary>
            <param name="timeout">超时时间(单位:ms)</param>
            <returns>
            <para>true---触发条件满足</para>
            <para>false---触发条件不满足</para>
            </returns>
        </member>
        <member name="M:JYPXI62022.WaitEvent.Set">
            <summary>
            触发事件
            </summary>
            <returns></returns>
        </member>
        <member name="T:JYPXI62022.CircularBuffer`1">
            <summary>
            循环缓冲队列类，旧版本，托管内存
            </summary>
            <typeparam name="T">泛型</typeparam>
        </member>
        <member name="P:JYPXI62022.CircularBuffer`1.NumOfElement">
            <summary>
            当前的元素个数
            </summary>
        </member>
        <member name="P:JYPXI62022.CircularBuffer`1.BufferSize">
            <summary>
            缓冲区的大小
            </summary>
        </member>
        <member name="P:JYPXI62022.CircularBuffer`1.CurrentCapacity">
            <summary>
            当前能容纳的点数
            </summary>
        </member>
        <member name="M:JYPXI62022.CircularBuffer`1.#ctor(System.Int32)">
            <summary>
            构造函数
            </summary>
            <param name="bufferSize"></param>
        </member>
        <member name="M:JYPXI62022.CircularBuffer`1.#ctor">
            <summary>
            构造函数
            </summary>
        </member>
        <member name="M:JYPXI62022.CircularBuffer`1.AdjustSize(System.Int32)">
            <summary>
            调整缓冲区大小，数据会被清空
            </summary>
            <param name="size"></param>
        </member>
        <member name="M:JYPXI62022.CircularBuffer`1.Clear">
            <summary>
            清空缓冲区内的数据
            </summary>
        </member>
        <member name="M:JYPXI62022.CircularBuffer`1.Enqueue(`0)">
            <summary>
            向缓冲队列中放入一个数据
            </summary>
            <param name="element"></param>
        </member>
        <member name="M:JYPXI62022.CircularBuffer`1.Enqueue(`0[])">
            <summary>
            向缓冲队列中放入一组数据
            </summary>
            <param name="elements"></param>
        </member>
        <member name="M:JYPXI62022.CircularBuffer`1.Enqueue(`0[],System.Int32)">
            <summary>
            向缓冲队列中放入一组数据
            </summary>
            <param name="elements"></param>
        </member>
        <member name="M:JYPXI62022.CircularBuffer`1.Enqueue(`0[0:,0:])">
            <summary>
            向缓冲队列中放入一组数据
            </summary>
            <param name="elements"></param>
        </member>
        <member name="M:JYPXI62022.CircularBuffer`1.Dequeue(`0@)">
            <summary>
            从缓冲队列中取一个数据
            </summary>
            <returns>失败：-1，1：返回一个数据</returns>
        </member>
        <member name="M:JYPXI62022.CircularBuffer`1.Dequeue(`0[]@,System.Int32)">
            <summary>
            从缓冲队列中取出指定长度的数据
            </summary>
            <param name="reqBuffer">请求读取缓冲区</param>
            <returns>返回实际取到的数据长度</returns>
        </member>
        <member name="M:JYPXI62022.CircularBuffer`1.Dequeue(`0[0:,0:]@,System.Int32)">
            <summary>
            从缓冲队列中取出指定长度的数据
            </summary>
            <param name="reqBuffer">请求读取缓冲区</param>
            <returns>返回实际取到的数据长度</returns>
        </member>
        <member name="T:JYPXI62022.WinAPI">
            <summary>
            windows api 的函数导入
            </summary>
        </member>
        <member name="T:JYPXI62022.BufferQueue`1">
            <summary>
            缓冲队列类（托管内存固定）该类效率较低，不推荐使用
            </summary>
        </member>
        <member name="T:JYPXI62022.BufferQueue`1.CDataInfo">
            <summary>
            存放数据信息的类
            </summary>
        </member>
        <member name="P:JYPXI62022.BufferQueue`1.CDataInfo.Count">
            <summary>
            数据点数
            </summary>
        </member>
        <member name="P:JYPXI62022.BufferQueue`1.CDataInfo.ElemType">
            <summary>
            数据元素类型
            </summary>
        </member>
        <member name="P:JYPXI62022.BufferQueue`1.CDataInfo.RDIndex">
            <summary>
            读指针位置
            </summary>
        </member>
        <member name="P:JYPXI62022.BufferQueue`1.CDataInfo.DataPtr">
            <summary>
            数据指针
            </summary>
        </member>
        <member name="P:JYPXI62022.BufferQueue`1.CDataInfo.DataArray">
            <summary>
            数据数组
            </summary>
        </member>
        <member name="F:JYPXI62022.BufferQueue`1.CDataInfo._dataGCHandle">
            <summary>
            GC Handle 
            </summary>
        </member>
        <member name="M:JYPXI62022.BufferQueue`1.CDataInfo.#ctor(System.Int32)">
            <summary>
            构造函数
            </summary>
        </member>
        <member name="M:JYPXI62022.BufferQueue`1.CDataInfo.IncIdx(System.Int32)">
            <summary>
            递增读指针
            </summary>
            <param name="count"></param>
        </member>
        <member name="M:JYPXI62022.BufferQueue`1.CDataInfo.Dispose">
            <summary>
            全部释放
            </summary>
        </member>
        <member name="F:JYPXI62022.BufferQueue`1._dataQ">
            <summary>
            用于数据缓存的队列，首次调用时初始化
            </summary>
        </member>
        <member name="M:JYPXI62022.BufferQueue`1.#ctor">
            <summary>
            构造函数
            </summary>
        </member>
        <member name="P:JYPXI62022.BufferQueue`1.NumOfElement">
            <summary>
            当前的元素个数
            </summary>
        </member>
        <member name="M:JYPXI62022.BufferQueue`1.Clear">
            <summary>
            清空队列内的数据
            </summary>
        </member>
        <member name="M:JYPXI62022.BufferQueue`1.Enqueue(`0[])">
            <summary>
            向缓冲队列中放入一组数据
            </summary>
            <param name="elements"></param>
        </member>
        <member name="M:JYPXI62022.BufferQueue`1.Enqueue(`0[],System.Int32)">
            <summary>
            向缓冲队列中放入一组数据
            </summary>
            <param name="elements"></param>
        </member>
        <member name="M:JYPXI62022.BufferQueue`1.Enqueue(`0[0:,0:])">
            <summary>
            向缓冲队列中放入一组数据
            </summary>
            <param name="elements"></param>
        </member>
        <member name="M:JYPXI62022.BufferQueue`1.Dequeue(`0[]@,System.Int32)">
            <summary>
            从缓冲队列中取出指定长度的数据
            </summary>
            <param name="reqBuffer">请求读取缓冲区</param>
            <returns>返回实际取到的数据长度</returns>
        </member>
        <member name="M:JYPXI62022.BufferQueue`1.Dequeue(`0[0:,0:]@,System.Int32)">
            <summary>
            从缓冲队列中取出指定长度的数据
            </summary>
            <param name="reqBuffer">请求读取缓冲区</param>
            <returns>返回实际取到的数据长度</returns>
        </member>
        <member name="T:JYPXI62022.BufferQueueEx`1">
            <summary>
            缓冲队列类（非托管内存）该类效率较低，不推荐使用
            </summary>
        </member>
        <member name="T:JYPXI62022.BufferQueueEx`1.CDataInfo">
            <summary>
            存放数据信息的类
            </summary>
        </member>
        <member name="P:JYPXI62022.BufferQueueEx`1.CDataInfo.Count">
            <summary>
            数据点数
            </summary>
        </member>
        <member name="P:JYPXI62022.BufferQueueEx`1.CDataInfo.ElemType">
            <summary>
            数据元素类型
            </summary>
        </member>
        <member name="P:JYPXI62022.BufferQueueEx`1.CDataInfo.RDIndex">
            <summary>
            读指针位置
            </summary>
        </member>
        <member name="P:JYPXI62022.BufferQueueEx`1.CDataInfo.DataPtr">
            <summary>
            数据指针
            </summary>
        </member>
        <member name="M:JYPXI62022.BufferQueueEx`1.CDataInfo.#ctor(System.Int32)">
            <summary>
            构造函数
            </summary>
        </member>
        <member name="M:JYPXI62022.BufferQueueEx`1.CDataInfo.IncIdx(System.Int32)">
            <summary>
            递增读指针
            </summary>
            <param name="count"></param>
        </member>
        <member name="M:JYPXI62022.BufferQueueEx`1.CDataInfo.Dispose">
            <summary>
            全部释放
            </summary>
        </member>
        <member name="F:JYPXI62022.BufferQueueEx`1._dataQ">
            <summary>
            用于数据缓存的队列，首次调用时初始化
            </summary>
        </member>
        <member name="M:JYPXI62022.BufferQueueEx`1.#ctor">
            <summary>
            构造函数
            </summary>
        </member>
        <member name="P:JYPXI62022.BufferQueueEx`1.NumOfElement">
            <summary>
            当前的元素个数
            </summary>
        </member>
        <member name="M:JYPXI62022.BufferQueueEx`1.Clear">
            <summary>
            清空队列内的数据
            </summary>
        </member>
        <member name="M:JYPXI62022.BufferQueueEx`1.Enqueue(`0[])">
            <summary>
            向缓冲队列中放入一组数据
            </summary>
            <param name="elements"></param>
        </member>
        <member name="M:JYPXI62022.BufferQueueEx`1.Enqueue(`0[],System.Int32)">
            <summary>
            向缓冲队列中放入一组数据
            </summary>
            <param name="elements"></param>
        </member>
        <member name="M:JYPXI62022.BufferQueueEx`1.Enqueue(`0[0:,0:])">
            <summary>
            向缓冲队列中放入一组数据
            </summary>
            <param name="elements"></param>
        </member>
        <member name="M:JYPXI62022.BufferQueueEx`1.Dequeue(`0[]@,System.Int32)">
            <summary>
            从缓冲队列中取出指定长度的数据
            </summary>
            <param name="reqBuffer">请求读取缓冲区</param>
            <returns>返回实际取到的数据长度</returns>
        </member>
        <member name="M:JYPXI62022.BufferQueueEx`1.Dequeue(`0[0:,0:]@,System.Int32)">
            <summary>
            从缓冲队列中取出指定长度的数据
            </summary>
            <param name="reqBuffer">请求读取缓冲区</param>
            <returns>返回实际取到的数据长度</returns>
        </member>
        <member name="T:JYPXI62022.CircularBufferEx`1">
            <summary>
            循环缓冲队列扩展类（非托管内存），主要用于实现循环缓冲链，该类较高，推荐使用，但跨平台需要重新修改
            </summary>
            <typeparam name="T">泛型</typeparam>
        </member>
        <member name="F:JYPXI62022.CircularBufferEx`1._sizeOfT">
            <summary>
            T的Size，创建队列的时候初始化
            </summary>
        </member>
        <member name="F:JYPXI62022.CircularBufferEx`1._bufferPtr">
            <summary>
            缓冲区的指针首地址
            </summary>
        </member>
        <member name="F:JYPXI62022.CircularBufferEx`1._WRIdx">
            <summary>
            队列写指针
            </summary>
        </member>
        <member name="F:JYPXI62022.CircularBufferEx`1._RDIdx">
            <summary>
            队列读指针
            </summary>
        </member>
        <member name="P:JYPXI62022.CircularBufferEx`1.NumOfElement">
            <summary>
            当前的元素个数
            </summary>
        </member>
        <member name="P:JYPXI62022.CircularBufferEx`1.BufferSize">
            <summary>
            缓冲区的大小
            </summary>
        </member>
        <member name="P:JYPXI62022.CircularBufferEx`1.CurrentCapacity">
            <summary>
            当前能容纳的点数
            </summary>
        </member>
        <member name="M:JYPXI62022.CircularBufferEx`1.#ctor(System.Int32)">
            <summary>
            构造函数
            </summary>
            <param name="bufferSize"></param>
        </member>
        <member name="M:JYPXI62022.CircularBufferEx`1.#ctor">
            <summary>
            构造函数
            </summary>
        </member>
        <member name="M:JYPXI62022.CircularBufferEx`1.Dispose">
            <summary>
            释放循环缓冲区
            </summary>
        </member>
        <member name="M:JYPXI62022.CircularBufferEx`1.Clear">
            <summary>
            清空循环缓冲区的数据
            </summary>
        </member>
        <member name="M:JYPXI62022.CircularBufferEx`1.Finalize">
            <summary>
            析构函数，避免非托管内存没有释放
            </summary>
        </member>
        <member name="M:JYPXI62022.CircularBufferEx`1.Enqueue(`0[])">
            <summary>
            向缓冲队列中放入一组数据
            </summary>
            <param name="elements"></param>
        </member>
        <member name="M:JYPXI62022.CircularBufferEx`1.Enqueue(`0[],System.Int32)">
            <summary>
            向缓冲队列中放入一组数据
            </summary>
            <param name="elements"></param>
        </member>
        <member name="M:JYPXI62022.CircularBufferEx`1.Enqueue(`0[],System.Int32,System.Int32)">
            <summary>
            向缓冲队列中放入一组数据
            </summary>
            <param name="elements"></param>
        </member>
        <member name="M:JYPXI62022.CircularBufferEx`1.Enqueue(`0[0:,0:])">
            <summary>
            向缓冲队列中放入一组数据
            </summary>
            <param name="elements"></param>
        </member>
        <member name="M:JYPXI62022.CircularBufferEx`1.Enqueue(`0[0:,0:],System.Int32,System.Int32)">
            <summary>
            向缓冲队列中放入一组数据
            </summary>
            <param name="elements"></param>
        </member>
        <member name="M:JYPXI62022.CircularBufferEx`1.Enqueue(System.IntPtr,System.Int32,System.Int32)">
            <summary>
            向缓冲队列中放入一组数据
            </summary>
            <param name="dataPtr">数据首地址</param>
            <param name="srcIdx">数据开始的索引（以元素为单位，非字节单位）</param>
            <param name="len">数据长度（以元素为单位，非字节单位）</param>
            <returns></returns>
        </member>
        <member name="M:JYPXI62022.CircularBufferEx`1.Dequeue(`0[]@,System.Int32)">
            <summary>
            从缓冲队列中取出指定长度的数据
            </summary>
            <param name="reqBuffer">请求读取缓冲区</param>
            <returns>返回实际取到的数据长度</returns>
        </member>
        <member name="M:JYPXI62022.CircularBufferEx`1.Dequeue(`0[]@,System.Int32,System.Int32)">
            <summary>
            从缓冲队列中取出指定长度的数据
            </summary>
            <param name="reqBuffer">请求读取缓冲区</param>
            <returns>返回实际取到的数据长度</returns>
        </member>
        <member name="M:JYPXI62022.CircularBufferEx`1.Dequeue(`0[0:,0:]@,System.Int32,System.Int32)">
            <summary>
            从缓冲队列中取出指定长度的数据
            </summary>
            <param name="reqBuffer">请求读取缓冲区</param>
            <returns>返回实际取到的数据长度</returns>
        </member>
        <member name="M:JYPXI62022.CircularBufferEx`1.Dequeue(`0[0:,0:]@,System.Int32)">
            <summary>
            从缓冲队列中取出指定长度的数据
            </summary>
            <param name="reqBuffer">请求读取缓冲区</param>
            <returns>返回实际取到的数据长度</returns>
        </member>
        <member name="M:JYPXI62022.CircularBufferEx`1.Dequeue(System.IntPtr,System.Int32,System.Int32)">
            <summary>
            从缓冲队列中取出指定长度的数据
            </summary>
            <param name="reqBufferPtr">请求数据的首地址</param>
            <param name="dstIdx">目标数据的开始索引（以元素为单位，非字节单位）</param>
            <param name="len">出队数据的长度（以元素为单位，非字节单位）</param>
            <returns></returns>
        </member>
        <member name="T:JYPXI62022.CircularBufferList`1">
            <summary>
            <para>循环缓冲链类，将CircularBufferEx链起来</para>
            <para>优点：不用预先分配较大的内存，当程序运行时不够用了再按块增加</para>
            <para>使用注意：块大小要合适，不能太小，也不能太大。</para>
            <para>----太小：增加内存拷贝的次数，消耗CPU资源；</para>
            <para>----太大：增加内存占用。</para>
            <para>推荐分配块大小为入队和出队数据量的4~16倍</para>
            </summary>
            <typeparam name="T"></typeparam>
        </member>
        <member name="F:JYPXI62022.CircularBufferList`1._numOfElement">
            <summary>
            元素个数计数
            </summary>
        </member>
        <member name="P:JYPXI62022.CircularBufferList`1.NumOfElement">
            <summary>
            当前元素个数
            </summary>
        </member>
        <member name="P:JYPXI62022.CircularBufferList`1.CurrentCapacity">
            <summary>
            当前缓冲区容量
            </summary>
        </member>
        <member name="F:JYPXI62022.CircularBufferList`1._blockSize">
            <summary>
            块大小
            </summary>
        </member>
        <member name="F:JYPXI62022.CircularBufferList`1._lstCircleBuffer">
            <summary>
            循环缓冲链表
            </summary>
        </member>
        <member name="F:JYPXI62022.CircularBufferList`1._RDBlockIdx">
            <summary>
            读写索引
            </summary>
        </member>
        <member name="F:JYPXI62022.CircularBufferList`1._WRBlockIdx">
            <summary>
            读写索引
            </summary>
        </member>
        <member name="F:JYPXI62022.CircularBufferList`1._LastBlockCount">
            <summary>
            上一次Dequeue后的块数
            </summary>
        </member>
        <member name="F:JYPXI62022.CircularBufferList`1._firstDequeueFlag">
            <summary>
            第一次Dequeue后标志为false
            </summary>
        </member>
        <member name="M:JYPXI62022.CircularBufferList`1.#ctor(System.Int32)">
            <summary>
            构造函数
            </summary>
            <param name="blockSize"></param>
        </member>
        <member name="M:JYPXI62022.CircularBufferList`1.Clear">
            <summary>
            清空循环缓冲区的数据
            </summary>
        </member>
        <member name="M:JYPXI62022.CircularBufferList`1.Dispose">
            <summary>
            释放循环缓冲区
            </summary>
        </member>
        <member name="M:JYPXI62022.CircularBufferList`1.Finalize">
            <summary>
            析构函数，避免非托管内存没有释放
            </summary>
        </member>
        <member name="M:JYPXI62022.CircularBufferList`1.Enqueue(`0[])">
            <summary>
            数据入队
            </summary>
            <param name="elems">入队的数据源数组</param>
            <returns></returns>
        </member>
        <member name="M:JYPXI62022.CircularBufferList`1.Enqueue(`0[],System.Int32,System.Int32)">
            <summary>
            数据入队，带数据源的开始索引
            </summary>
            <param name="elems">入队的数据源数组</param>
            <param name="srcIdx">数据源的开始索引</param>
            <param name="len">入队的数据长度</param>
            <returns></returns>
        </member>
        <member name="M:JYPXI62022.CircularBufferList`1.Enqueue(`0[],System.Int32)">
            <summary>
            数据入队，不带数据源的开始索引
            </summary>
            <param name="elems">入队的数据源数组</param>
            <param name="len">入队的数据长度</param>
            <returns></returns>
        </member>
        <member name="M:JYPXI62022.CircularBufferList`1.Enqueue(System.IntPtr,System.Int32,System.Int32)">
            <summary>
            数据入队，带数据源的开始索引
            </summary>
            <param name="elemsPtr">入队的数据源数组地址</param>
            <param name="srcIdx">数据源的开始索引（以元素为单位，非字节）</param>
            <param name="len">入队的数据长度（以元素为单位，非字节）</param>
            <returns></returns>
        </member>
        <member name="M:JYPXI62022.CircularBufferList`1.Enqueue(`0[0:,0:],System.Int32,System.Int32)">
            <summary>
            数据入队，带数据源的开始索引
            </summary>
            <param name="elems">入队的数据源数组</param>
            <param name="srcIdx">数据源的开始索引</param>
            <param name="len">入队的数据长度</param>
            <returns></returns>
        </member>
        <member name="M:JYPXI62022.CircularBufferList`1.Enqueue(`0[0:,0:],System.Int32)">
            <summary>
            数据入队，不带数据源的开始索引
            </summary>
            <param name="elems">入队的数据源数组</param>
            <param name="len">入队的数据长度</param>
            <returns></returns>
        </member>
        <member name="M:JYPXI62022.CircularBufferList`1.Dequeue(`0[]@)">
            <summary>
            数据出队
            </summary>
            <param name="retBuffer">请求出队的目标数组</param>
            <returns></returns>
        </member>
        <member name="M:JYPXI62022.CircularBufferList`1.Dequeue(`0[]@,System.Int32,System.Int32)">
            <summary>
            数据出队，带目标数组的开始索引
            </summary>
            <param name="retBuffer">请求出队的目标数组</param>
            <param name="dstIdx">目标数组的开始索引</param>
            <param name="len">出队的数据长度</param>
            <returns></returns>
        </member>
        <member name="M:JYPXI62022.CircularBufferList`1.Dequeue(`0[]@,System.Int32)">
            <summary>
            数据出队，不带目标数组的开始索引
            </summary>
            <param name="retBuffer">请求出队的目标数组</param>
            <param name="len">出队的数据长度</param>
            <returns></returns>
        </member>
        <member name="M:JYPXI62022.CircularBufferList`1.Dequeue(`0[0:,0:]@,System.Int32,System.Int32)">
            <summary>
            数据出队，带目标数组的开始索引
            </summary>
            <param name="retBuffer">请求出队的目标数组</param>
            <param name="dstIdx">目标数组的开始索引</param>
            <param name="len">出队的数据长度</param>
            <returns></returns>
        </member>
        <member name="M:JYPXI62022.CircularBufferList`1.Dequeue(`0[0:,0:]@,System.Int32)">
            <summary>
            数据出队，不带目标数组的开始索引
            </summary>
            <param name="retBuffer">请求出队的目标数组</param>
            <param name="len">出队的数据长度</param>
            <returns></returns>
        </member>
        <member name="M:JYPXI62022.CircularBufferList`1.Dequeue(System.IntPtr,System.Int32,System.Int32)">
            <summary>
            数据出队，带目标数组的开始索引
            </summary>
            <param name="retBufferPtr">请求出队的目标数组地址</param>
            <param name="dstIdx">目标数组的开始索引（以元素为单位，非字节）</param>
            <param name="len">出队的数据长度（以元素为单位，非字节）</param>
            <returns></returns>
        </member>
        <member name="T:JYPXI62022.JYPXI62022Device">
            <summary>
            定义PXI62022Device专用的函数等
            </summary>
        </member>
        <member name="P:JYPXI62022.JYPXI62022Device.CardType">
            <summary>
            卡的类型，在实例化类对象时根据Device model初始化为对应的类型
            </summary>
        </member>
        <member name="P:JYPXI62022.JYPXI62022Device.BoardClkRate">
            <summary>
            板载时钟
            </summary>
        </member>
        <member name="P:JYPXI62022.JYPXI62022Device.DiffChannelCount">
            <summary>
            差分或伪差分通道数
            </summary>
        </member>
        <member name="P:JYPXI62022.JYPXI62022Device.MaxSampleRateSingleChannel">
            <summary>
            单通道最大采样率
            </summary>
        </member>
        <member name="P:JYPXI62022.JYPXI62022Device.IsAISync">
            <summary>
            是否是同步采集卡
            </summary>
        </member>
        <member name="F:JYPXI62022.JYPXI62022Device._cardnumber">
            <summary>
            板卡编号，构造此类对象时的入参
            </summary>
        </member>
        <member name="F:JYPXI62022.JYPXI62022Device._listThisInst">
            <summary>
            用于保存每个cardnumber构造出的实例
            </summary>
        </member>
        <member name="P:JYPXI62022.JYPXI62022Device.CardID">
            <summary>
            调用Register后得到的cardID
            </summary>
        </member>
        <member name="P:JYPXI62022.JYPXI62022Device.AIDBFBlockSize">
            <summary>
            AI double buffer缓冲区的blocksize
            </summary>
        </member>
        <member name="P:JYPXI62022.JYPXI62022Device.AINDBFBlockSize">
            <summary>
            AI non double buffer缓冲区的blocksize
            </summary>
        </member>
        <member name="P:JYPXI62022.JYPXI62022Device.AIReserved">
            <summary>
            AI是否已经占用的标志
            </summary>
        </member>
        <member name="F:JYPXI62022.JYPXI62022Device.DIOLineReserved">
            <summary>
            DIO端口及其线是否被占用
            </summary>
        </member>
        <member name="F:JYPXI62022.JYPXI62022Device.TimerReserved">
            <summary>
            定时器占用情况，
            </summary>
        </member>
        <member name="M:JYPXI62022.JYPXI62022Device.GetInstance(System.UInt16)">
            <summary>
            根据board number获取操作实例,保证每张板卡只有一个注册实例
            </summary>
            <param name="cardNum"></param>
            <returns></returns>
        </member>
        <member name="M:JYPXI62022.JYPXI62022Device.#ctor(System.UInt16)">
            <summary>
            构造函数
            </summary>
        </member>
        <member name="M:JYPXI62022.JYPXI62022Device.Release">
            <summary>
            关闭AD设备,禁止传输,并释放资源，该函数自动在类的析构函数中执行
            </summary>
        </member>
        <member name="M:JYPXI62022.JYPXI62022Device.Finalize">
            <summary>
            析构函数，释放硬件资源
            </summary>
        </member>
        <member name="T:JYPXI62022.JYPXI62022AITask">
            <summary>
            AI采集任务类,是Sealed类，不可被继承
            </summary>
        </member>
        <member name="M:JYPXI62022.JYPXI62022AITask.#ctor(System.Int32)">
            <summary>
            构造函数,仅输入板卡编号
            </summary>
            <param name="boardNum">板卡的编号</param>
        </member>
        <member name="F:JYPXI62022.JYPXI62022AITask._devHandle">
            <summary>
            操作硬件的对象
            </summary>
        </member>
        <member name="F:JYPXI62022.JYPXI62022AITask._doubleBufferLength">
            <summary>
            double buffer size in seconds
            </summary>
        </member>
        <member name="F:JYPXI62022.JYPXI62022AITask._aiStarted">
            <summary>
            AI是否已启动
            </summary>
        </member>
        <member name="F:JYPXI62022.JYPXI62022AITask._localBuffer">
            <summary>
            本地缓冲内存
            </summary>
        </member>
        <member name="F:JYPXI62022.JYPXI62022AITask._threadException">
            <summary>
            线程抛出的异常管理
            </summary>
        </member>
        <member name="F:JYPXI62022.JYPXI62022AITask._taskDone">
            <summary>
            任务结束标志 
            </summary>
        </member>
        <member name="F:JYPXI62022.JYPXI62022AITask._channelsArray">
            <summary>
            通道数组，申明了N个固定的数组，有多少个通道对应使用哪一个一维数组
            </summary>
        </member>
        <member name="F:JYPXI62022.JYPXI62022AITask._rangesArray">
            <summary>
            量程数组
            </summary>
        </member>
        <member name="F:JYPXI62022.JYPXI62022AITask._channelValuesArray">
            <summary>
            单通道Value的数组
            </summary>
        </member>
        <member name="F:JYPXI62022.JYPXI62022AITask._waitUntilDoneEvent">
            <summary>
            WaitUntilDone等待事件
            </summary>
        </member>
        <member name="F:JYPXI62022.JYPXI62022AITask._samplesFetchedPerChannel">
            <summary>
            每通道已经取的样点数
            </summary>
        </member>
        <member name="F:JYPXI62022.JYPXI62022AITask._enableAIDbfMode">
            <summary>
            AI是否使能了Double Buffer模式
            </summary>
        </member>
        <member name="F:JYPXI62022.JYPXI62022AITask._AIDoubleBuffSize">
            <summary>
            AI硬件双缓冲区的大小
            </summary>
        </member>
        <member name="F:JYPXI62022.JYPXI62022AITask._enableRetrigger">
            <summary>
            是否使能重触发
            </summary>
        </member>
        <member name="F:JYPXI62022.JYPXI62022AITask._enablePretrigger">
            <summary>
            是否使能重触发
            </summary>
        </member>
        <member name="F:JYPXI62022.JYPXI62022AITask._readbuffer0">
            <summary>
            读缓冲区0
            </summary>
        </member>
        <member name="F:JYPXI62022.JYPXI62022AITask._buffer0GCHandle">
            <summary>
            缓冲区0的GChandle
            </summary>
        </member>
        <member name="F:JYPXI62022.JYPXI62022AITask._buffer0">
            <summary>
            Buffer0的数组引用
            </summary>
        </member>
        <member name="F:JYPXI62022.JYPXI62022AITask._bufferId0">
            <summary>
            读缓冲区id0
            </summary>
        </member>
        <member name="F:JYPXI62022.JYPXI62022AITask._readbuffer1">
            <summary>
            读缓冲区1
            </summary>
        </member>
        <member name="F:JYPXI62022.JYPXI62022AITask._buffer1GCHandle">
            <summary>
            缓冲区1的GChandle
            </summary>
        </member>
        <member name="F:JYPXI62022.JYPXI62022AITask._buffer1">
            <summary>
            Buffer1的数组引用
            </summary>
        </member>
        <member name="F:JYPXI62022.JYPXI62022AITask._bufferId1">
            <summary>
            读缓冲区id1
            </summary>
        </member>
        <member name="F:JYPXI62022.JYPXI62022AITask._bufIdx">
            <summary>
            缓冲区索引
            </summary>
        </member>
        <member name="F:JYPXI62022.JYPXI62022AITask._lastRdyIdx">
            <summary>
            用于有限次重触发，读取缓冲区数据的offset标记
            </summary>
        </member>
        <member name="F:JYPXI62022.JYPXI62022AITask._waitLock">
            <summary>
            等待锁, 用于限制多线程并行读操作. 需要等一个线程读取完成后, 另一个线程才能读(排队).
            </summary>
        </member>
        <member name="P:JYPXI62022.JYPXI62022AITask.EventQueue">
            <summary>
            事件队列。调用WaitUntilDone()或者ReadBuffer()时，使用事件通知方式，提高效率。
            </summary>
        </member>
        <member name="P:JYPXI62022.JYPXI62022AITask.Channels">
            <summary>
            通道列表
            </summary>
        </member>
        <member name="P:JYPXI62022.JYPXI62022AITask.Mode">
            <summary>
            采集模式，支持Single/Finite/Continuous三种类型
            </summary>
        </member>
        <member name="P:JYPXI62022.JYPXI62022AITask.SampleRate">
            <summary>
            每通道采样率
            </summary>
        </member>
        <member name="P:JYPXI62022.JYPXI62022AITask.SamplesToAcquire">
            <summary>
            有限点采集时, 每通道采集的样点数。若设置为小于0，则采集无穷个点。
            <para>默认值为256</para>
            </summary>
        </member>
        <!-- Badly formed XML comment ignored for member "P:JYPXI62022.JYPXI62022AITask.BufLenInSamples" -->
        <member name="P:JYPXI62022.JYPXI62022AITask.AvailableSamples">
            <summary>
            缓冲区内可以读取的点数
            </summary>
        </member>
        <member name="P:JYPXI62022.JYPXI62022AITask.ClockSource">
            <summary>
            时钟源,需要根据不同厂商驱动的规定去修改ClkSrc枚举
            </summary>
        </member>
        <member name="P:JYPXI62022.JYPXI62022AITask.Sync">
            <summary>
            多卡同步配置
            </summary>
        </member>
        <member name="P:JYPXI62022.JYPXI62022AITask.ClockEdge">
            <summary>
            时钟沿。仅在外部时钟时有效。
            </summary>
        </member>
        <member name="P:JYPXI62022.JYPXI62022AITask.Trigger">
            <summary>
            AI触发参数设置
            </summary>
        </member>
        <member name="M:JYPXI62022.JYPXI62022AITask.AddChannel(System.Int32,System.Double,System.Double)">
            <summary>
            添加通道
            </summary>
            <param name="channelID">通道物理序号</param>
            <param name="rangeLow">通道量程下限</param>
            <param name="rangeHigh">通道量程上限</param>
            <returns></returns>
        </member>
        <member name="M:JYPXI62022.JYPXI62022AITask.AddChannel(System.Int32[],System.Double,System.Double)">
            <summary>
            添加通道
            </summary>
            <param name="channelsID">要添加通道的所有物理序号</param>       
            <param name="rangeLow">通道量程下限</param>
            <param name="rangeHigh">通道量程上限</param>
            <returns></returns>
        </member>
        <member name="M:JYPXI62022.JYPXI62022AITask.RemoveChannel(System.Int32)">
            <summary>
            删除指定通道号的通道,为-1则删除所有通道
            </summary>
            <param name="channelID">要删除的通道的通道号</param>
        </member>
        <member name="M:JYPXI62022.JYPXI62022AITask.ReadData(System.Double[0:,0:]@,System.Int32,System.Int32)">
            <summary>
            读取数据，按列返回采集到的电压值
            </summary>
            <param name="buf">用户缓冲区数组</param>
            <param name="samplesPerChannel">用户缓冲区能容纳的每通道样点数</param>
            <param name="timeout">超时时间（单位：ms）</param>
        </member>
        <member name="M:JYPXI62022.JYPXI62022AITask.ReadData(System.Double[0:,0:]@,System.Int32)">
            <summary>
            读取数据，按列返回采集到的电压值
            </summary>
            <param name="buf">用户缓冲区数组</param>
            <param name="timeout">超时时间（单位：ms）</param>  
        </member>
        <member name="M:JYPXI62022.JYPXI62022AITask.ReadData(System.Double[]@,System.Int32,System.Int32)">
            <summary>
            读取数据，按列返回采集到的电压值
            </summary>
            <param name="buf">用户缓冲区数组</param>
            <param name="samplesPerChannel">用户缓冲区能容纳的每通道样点数</param>
            <param name="timeout">超时时间（单位：ms）</param>
        </member>
        <member name="M:JYPXI62022.JYPXI62022AITask.ReadData(System.Double[]@,System.Int32)">
            <summary>
            读取数据，按列返回采集到的电压值
            </summary>
            <param name="buf">用户缓冲区数组</param>
            <param name="timeout">超时时间（单位：ms）</param>
        </member>
        <member name="M:JYPXI62022.JYPXI62022AITask.ReadRawData(System.Int16[0:,0:]@,System.Int32,System.Int32)">
            <summary>
            读取数据，按列返回采集到的电压值
            </summary>
            <param name="buf">用户缓冲区数组</param>
            <param name="samplesPerChannel">用户缓冲区能容纳的每通道样点数</param>
            <param name="timeout">超时时间（单位：ms）</param>
        </member>
        <!-- Badly formed XML comment ignored for member "M:JYPXI62022.JYPXI62022AITask.ReadRawData(System.Int16[0:,0:]@,System.Int32)" -->
        <member name="M:JYPXI62022.JYPXI62022AITask.ReadRawData(System.Int16[]@,System.Int32,System.Int32)">
            <summary>
            读取数据，按列返回采集到的电压值
            </summary>
            <param name="buf">用户缓冲区数组</param>
            <param name="SamplesPerChannel">用户缓冲区能容纳的每通道样点数</param>
            <param name="timeout">超时时间（单位：ms）</param>
        </member>
        <!-- Badly formed XML comment ignored for member "M:JYPXI62022.JYPXI62022AITask.ReadRawData(System.Int16[]@,System.Int32)" -->
        <member name="M:JYPXI62022.JYPXI62022AITask.ReadSinglePoint(System.Double[]@)">
            <summary>
            每通道读取一个样点，非缓冲式读取。返回应用变换系数变换后的数据。
            </summary>
            <param name="buf">用户缓冲区数组。数组大小须不小于<see cref="!:NumOfChns"/>。</param>
            <returns>
            </returns>
        </member>
        <member name="M:JYPXI62022.JYPXI62022AITask.ReadSinglePoint(System.Double@)">
            <summary>
            单通道读取一个样点，非缓冲式读取。返回应用变换系数变换后的数据。
            </summary>
            <param name="readValue">用户缓冲区数组。数组大小须不小于<see cref="!:NumOfChns"/>。</param>
            <returns>
            </returns>
        </member>
        <member name="M:JYPXI62022.JYPXI62022AITask.WaitUntilDone(System.Int32)">
            <summary>
            等待当前任务完成
            </summary>
            <param name="timeout">
            等待的时间(单位:ms)
            <para>若设置为-1，则无限期等待；</para>
            <para>若设置为0，则立即返回检查结果。</para>
            </param>
        </member>
        <member name="M:JYPXI62022.JYPXI62022AITask.Start">
            <summary>
            启动数采任务
            </summary>
            <remarks> 根据配置启动任务</remarks>
        </member>
        <member name="M:JYPXI62022.JYPXI62022AITask.SendSoftwareTrigger">
            <summary>
            产生一个软件触发信号
            </summary>
            <returns></returns>
        </member>
        <member name="M:JYPXI62022.JYPXI62022AITask.Stop">
            <summary>
            停止数采任务
            </summary>
            <remarks>停止正在执行的任务</remarks>
        </member>
        <member name="M:JYPXI62022.JYPXI62022AITask.ThdAcquireData">
            <summary>
            从缓冲区取数据的线程函数
            </summary>
        </member>
        <member name="M:JYPXI62022.JYPXI62022AITask.EnQueueElems(System.Int16[])">
            <summary>
            数据放入队列尾部
            </summary>
            <param name="buffer"></param>
        </member>
        <member name="M:JYPXI62022.JYPXI62022AITask.ActivateWaitEvents">
            <summary>
            激活等待事件
            </summary>
        </member>
        <member name="M:JYPXI62022.JYPXI62022AITask.GetVendorRange(System.Double,System.Double)">
            <summary>
            根据输入范围匹配一个原厂驱动的Range值
            </summary>
            <param name="rangeLow">输入下限</param>
            <param name="rangeHigh">输入上限</param>
            <returns>
            小于0：错误
            大于0：实际的Range
            </returns>
        </member>
        <member name="M:JYPXI62022.JYPXI62022AITask.ScaleRawData(System.Int16[0:,0:],System.Double[],System.Int32,System.UInt16[])">
            <summary>
            对原始数据RawData进行Scale转换
            </summary>
            <param name="rawData">原始数据</param>
            <param name="scaledData">Scale后的数据</param>
            <param name="samples">采集到点数</param>
            <param name="scaleRange">需要scale的range</param>
        </member>
        <member name="M:JYPXI62022.JYPXI62022AITask.ScaleRawData(System.Int16[0:,0:],System.Double[0:,0:],System.Int32,System.UInt16[])">
            <summary>
            对原始数据RawData进行Scale转换
            </summary>
            <param name="rawData">原始数据</param>
            <param name="scaledData">Scale后的数据</param>
            <param name="samples">采集到的点数</param>
            <param name="scaleRange">需要scale的range</param>
        </member>
        <member name="M:JYPXI62022.JYPXI62022AITask.GetRangeArray">
            <summary>
            获取当前添加通道的数组
            </summary>
            <returns></returns>
        </member>
        <member name="M:JYPXI62022.JYPXI62022AITask.GetChannelArray">
            <summary>
            获取当前添加通道的数组
            </summary>
            <returns></returns>
        </member>
        <member name="M:JYPXI62022.JYPXI62022AITask.AIConfig">
            <summary>
            AI相关的配置，调用原厂Config函数进行配置
            </summary>
            <returns></returns>
        </member>
        <member name="M:JYPXI62022.JYPXI62022AITask.ConfigContAcq">
            <summary>
            连续采集配置
            </summary>
            <returns></returns>
        </member>
        <member name="M:JYPXI62022.JYPXI62022AITask.GetNearestOfMBlocksize(System.UInt32,System.UInt32)">
            <summary>
            获取里requestsize最近的Blocksize的整数倍的数
            </summary>
            <param name="requestSize"></param>
            <param name="blockSize"></param>
            <returns></returns>
        </member>
        <member name="M:JYPXI62022.JYPXI62022AITask.FetchBuffer(System.Int16[]@,System.Boolean@,System.Int32@)">
            <summary>
            从本地缓冲区中取采集的数据
            </summary>
            <param name="retbuffer">取到的数据，多个通道是interleaved的</param>
            <returns>
            小于0：失败，具体看错误代码
            大于0：成功，值代表每通道返回的样点数
            </returns>
        </member>
        <member name="T:JYPXI62022.AIChannel">
            <summary>
            AI通道参数类
            </summary>
        </member>
        <member name="P:JYPXI62022.AIChannel.ChannelID">
            <summary>
            通道号。与AI通道的物理序号相对应。
            </summary>
        </member>
        <member name="P:JYPXI62022.AIChannel.RangeLow">
            <summary>
            通道量程下限
            </summary>
        </member>
        <member name="P:JYPXI62022.AIChannel.RangeHigh">
            <summary>
            通道量程上限
            </summary>
        </member>
        <member name="M:JYPXI62022.AIChannel.#ctor(System.Int32,System.Double,System.Double)">
            <summary>
            构造函数，创建AIChannel对象
            </summary>
            <param name="chnID">通道物理序号</param>
            <param name="chnName">通道名称</param>
            <param name="rangeLow">通道量程下限</param>
            <param name="rangeHi">通道量程上限</param>
            <param name="coupling">耦合方式</param>
        </member>
        <member name="T:JYPXI62022.AIMode">
            <summary>
            AI工作模式枚举类型
            </summary>
        </member>
        <member name="F:JYPXI62022.AIMode.Single">
            <summary>
            单点方式
            </summary>
        </member>
        <member name="F:JYPXI62022.AIMode.Finite">
            <summary>
            有限点方式
            </summary>
        </member>
        <member name="F:JYPXI62022.AIMode.Continuous">
            <summary>
            连续方式
            </summary>
        </member>
        <member name="T:JYPXI62022.AITriggerType">
            <summary>
            AI触发类型，需要根据板卡的实际支持情况修改
            </summary>
        </member>
        <member name="F:JYPXI62022.AITriggerType.Immediate">
            <summary>
            无触发,立即开始采集
            </summary>
        </member>
        <member name="F:JYPXI62022.AITriggerType.SoftWare">
            <summary>
            软件产生触发信号
            </summary>
        </member>
        <member name="F:JYPXI62022.AITriggerType.Digital">
            <summary>
            数字触发
            </summary>
        </member>
        <member name="T:JYPXI62022.AITriggerMode">
            <summary>
            AI触发模式
            </summary>
        </member>
        <member name="F:JYPXI62022.AITriggerMode.Start">
            <summary>
            Start触发
            </summary>
        </member>
        <member name="F:JYPXI62022.AITriggerMode.Reference">
            <summary>
            参考触发
            </summary>
        </member>
        <member name="T:JYPXI62022.AIClockEdge">
            <summary>
            AI时钟沿类型
            </summary>
        </member>
        <member name="F:JYPXI62022.AIClockEdge.Rising">
            <summary>
            上升沿
            </summary>
        </member>
        <member name="F:JYPXI62022.AIClockEdge.Falling">
            <summary>
            下降沿
            </summary>
        </member>
        <member name="T:JYPXI62022.AIDigitalTriggerEdge">
            <summary>
            AI触发沿类型
            </summary>
        </member>
        <member name="F:JYPXI62022.AIDigitalTriggerEdge.Rising">
            <summary>
            上升沿
            </summary>
        </member>
        <member name="F:JYPXI62022.AIDigitalTriggerEdge.Falling">
            <summary>
            下降沿
            </summary>
        </member>
        <member name="T:JYPXI62022.AIClockSource">
            <summary>
            时钟源类型
            </summary>
        </member>
        <member name="F:JYPXI62022.AIClockSource.Internal">
            <summary>
            内部时钟源
            </summary>
        </member>
        <member name="F:JYPXI62022.AIClockSource.SSISampling">
            <summary>
            SSI  as sampling clock
            </summary>
        </member>
        <member name="F:JYPXI62022.AIClockSource.AFI0Sampling">
            <summary>
            AFI0 as sampling clock
            </summary>
        </member>
        <member name="F:JYPXI62022.AIClockSource.AFI1Sampling">
            <summary>
            AFI1 as sampling clock
            </summary>
        </member>
        <member name="F:JYPXI62022.AIClockSource.AFI2Sampling">
            <summary>
            AFI2 as sampling clock
            </summary>
        </member>
        <member name="F:JYPXI62022.AIClockSource.AFI3Sampling">
            <summary>
            AFI3 as sampling clock
            </summary>
        </member>
        <member name="F:JYPXI62022.AIClockSource.AFI4Sampling">
            <summary>
            AFI4 as sampling clock
            </summary>
        </member>
        <member name="F:JYPXI62022.AIClockSource.AFI5Sampling">
            <summary>
            AFI5 as sampling clock
            </summary>
        </member>
        <member name="F:JYPXI62022.AIClockSource.AFI6Sampling">
            <summary>
            AFI6 as sampling clock
            </summary>
        </member>
        <member name="F:JYPXI62022.AIClockSource.AFI7Sampling">
            <summary>
            AFI7 as sampling clock
            </summary>
        </member>
        <member name="T:JYPXI62022.AITrigger">
            <summary>
            AI触发参数配置类
            </summary>
        </member>
        <member name="P:JYPXI62022.AITrigger.Type">
            <summary>
            触发类型，包括：Immediate/SoftWare/Digital
            </summary>
        </member>
        <member name="P:JYPXI62022.AITrigger.Mode">
            <summary>
            AI触发模式，包括Start触发和Reference触发
            </summary>
        </member>
        <member name="P:JYPXI62022.AITrigger.Digital">
            <summary>
            数字触发设置
            </summary>
        </member>
        <member name="P:JYPXI62022.AITrigger.ReTriggerCount">
            <summary>
            重复触发设置,为0时不重复触发，>0时为重复触发次数；
            </summary>
        </member>
        <member name="P:JYPXI62022.AITrigger.PreTriggerSamples">
            <summary>
            预触发点数，应当大于等于0，等于0时没有预触发
            </summary>
        </member>
        <member name="P:JYPXI62022.AITrigger.Delay">
            <summary>
            触发延迟时间设置，为0时不延迟，>0时为延迟us数；
            </summary>
        </member>
        <member name="M:JYPXI62022.AITrigger.#ctor(JYPXI62022.AITriggerType,JYPXI62022.AITriggerMode,System.Int32,System.UInt32,System.Double)">
            <summary>
            构造函数
            </summary>
        </member>
        <member name="F:JYPXI62022.AIDigitalTriggerSource.SSI">
            <summary>
            SSI触发
            </summary>
        </member>
        <member name="F:JYPXI62022.AIDigitalTriggerSource.AFI0">
            <summary>
            AFI0
            </summary>
        </member>
        <member name="F:JYPXI62022.AIDigitalTriggerSource.AFI1">
            <summary>
            AFI1
            </summary>
        </member>
        <member name="F:JYPXI62022.AIDigitalTriggerSource.AFI2">
            <summary>
            AFI2
            </summary>
        </member>
        <member name="F:JYPXI62022.AIDigitalTriggerSource.AFI3">
            <summary>
            AFI3
            </summary>
        </member>
        <member name="F:JYPXI62022.AIDigitalTriggerSource.AFI4">
            <summary>
            AFI4
            </summary>
        </member>
        <member name="F:JYPXI62022.AIDigitalTriggerSource.AFI5">
            <summary>
            AFI5
            </summary>
        </member>
        <member name="F:JYPXI62022.AIDigitalTriggerSource.AFI6">
            <summary>
            AF6
            </summary>
        </member>
        <member name="F:JYPXI62022.AIDigitalTriggerSource.AFI7">
            <summary>
            AFI7
            </summary>
        </member>
        <member name="F:JYPXI62022.AIDigitalTriggerSource.PXIStar">
            <summary>
            PXIStar
            </summary>
        </member>
        <member name="F:JYPXI62022.AIDigitalTriggerSource.Trig_IO">
            <summary>
            SMB Trig IO
            </summary>
        </member>
        <member name="T:JYPXI62022.AIDigitalTrigger">
            <summary>
            AI数字触发设置参数定义
            </summary>
        </member>
        <member name="P:JYPXI62022.AIDigitalTrigger.Source">
            <summary>
            AI Digital触发信号源
            </summary>
        </member>
        <member name="P:JYPXI62022.AIDigitalTrigger.Edge">
            <summary>
            数字触发边沿类型，Rising/Falling
            </summary>
        </member>
        <member name="M:JYPXI62022.AIDigitalTrigger.#ctor">
            <summary>
            默认构造函数
            </summary>
        </member>
        <member name="T:JYPXI62022.SyncCardSetting">
            <summary>
            同步板卡配置
            </summary>
        </member>
        <member name="F:JYPXI62022.SyncCardSetting.SyncDisable">
            <summary >
            Disable
            </summary>
        </member>
        <member name="F:JYPXI62022.SyncCardSetting.SyncMasterCard">
            <summary>
            配置为主卡
            </summary>
        </member>
        <member name="F:JYPXI62022.SyncCardSetting.SyncSlaveCard">
            <summary >
            配置为从卡
            </summary>
        </member>
        <member name="T:JYPXI62022.AISync">
            <summary>
             配置多卡同步
            </summary>
        </member>
        <member name="P:JYPXI62022.AISync.Topology">
            <summary>
            板卡设置
            </summary>
        </member>
        <member name="P:JYPXI62022.AISync.TriggerRouting">
            <summary>
            同步脉冲输入端口
            </summary>
        </member>
        <member name="P:JYPXI62022.AISync.TimeBaseRouting">
            <summary>
            同步脉冲输入端口
            </summary>
        </member>
        <member name="M:JYPXI62022.AISync.#ctor">
            <summary>
            构造函数
            </summary>
        </member>
        <member name="T:JYPXI62022.SyncTopology">
            <summary>
            同步板卡配置
            </summary>
        </member>
        <member name="F:JYPXI62022.SyncTopology.Independent">
            <summary >
            独自，不支持同步
            </summary>
        </member>
        <member name="F:JYPXI62022.SyncTopology.Master">
            <summary>
            主卡
            </summary>
        </member>
        <member name="F:JYPXI62022.SyncTopology.Slave">
            <summary >
            从卡
            </summary>
        </member>
        <member name="T:JYPXI62022.SyncTriggerRouting">
            <summary>
            同步信号端口线枚举定义
            </summary>
        </member>
        <member name="F:JYPXI62022.SyncTriggerRouting.NONE">
            <summary>
            默认无
            </summary>
        </member>
        <member name="F:JYPXI62022.SyncTriggerRouting.SSI">
            <summary>
            SSI
            </summary>
        </member>
        <member name="F:JYPXI62022.SyncTriggerRouting.TRG_IO">
            <summary>
            External Trigger IN OUT Terminal
            </summary>
        </member>
        <member name="F:JYPXI62022.SyncTriggerRouting.AFI0">
            <summary>
            AFI0
            </summary>
        </member>
        <member name="F:JYPXI62022.SyncTriggerRouting.AFI1">
            <summary>
            AFI1
            </summary>
        </member>
        <member name="F:JYPXI62022.SyncTriggerRouting.AFI2">
            <summary>
            AFI2
            </summary>
        </member>
        <member name="F:JYPXI62022.SyncTriggerRouting.AFI3">
            <summary>
            AFI3
            </summary>
        </member>
        <member name="F:JYPXI62022.SyncTriggerRouting.AFI4">
            <summary>
            AFI4
            </summary>
        </member>
        <member name="F:JYPXI62022.SyncTriggerRouting.AFI5">
            <summary>
            AFI5
            </summary>
        </member>
        <member name="F:JYPXI62022.SyncTriggerRouting.AFI6">
            <summary>
            AF6
            </summary>
        </member>
        <member name="F:JYPXI62022.SyncTriggerRouting.AFI7">
            <summary>
            AFI7
            </summary>
        </member>
        <member name="T:JYPXI62022.SyncTimeBaseRouting">
            <summary>
            同步时钟信号端口线枚举定义
            </summary>
        </member>
        <member name="F:JYPXI62022.SyncTimeBaseRouting.NONE">
            <summary>
            未配置同步时钟源
            </summary>
        </member>
        <member name="F:JYPXI62022.SyncTimeBaseRouting.SSI">
            <summary>
            SSI  as sampling clock
            </summary>
        </member>
        <member name="F:JYPXI62022.SyncTimeBaseRouting.AFI0">
            <summary>
            AFI0 as sampling clock
            </summary>
        </member>
        <member name="F:JYPXI62022.SyncTimeBaseRouting.AFI1">
            <summary>
            AFI1 as sampling clock
            </summary>
        </member>
        <member name="F:JYPXI62022.SyncTimeBaseRouting.AFI2">
            <summary>
            AFI2 as sampling clock
            </summary>
        </member>
        <member name="F:JYPXI62022.SyncTimeBaseRouting.AFI3">
            <summary>
            AFI3 as sampling clock
            </summary>
        </member>
        <member name="F:JYPXI62022.SyncTimeBaseRouting.AFI4">
            <summary>
            AFI4 as sampling clock
            </summary>
        </member>
        <member name="F:JYPXI62022.SyncTimeBaseRouting.AFI5">
            <summary>
            AFI5 as sampling clock
            </summary>
        </member>
        <member name="F:JYPXI62022.SyncTimeBaseRouting.AFI6">
            <summary>
            AFI6 as sampling clock
            </summary>
        </member>
        <member name="F:JYPXI62022.SyncTimeBaseRouting.AFI7">
            <summary>
            AFI7 as sampling clock
            </summary>
        </member>
        <member name="T:JYPXI62022.JYPXI62022CITask">
            <summary>
            CNT操作任务类
            </summary>
        </member>
        <member name="M:JYPXI62022.JYPXI62022CITask.#ctor(System.Int32,System.Int32)">
            <summary>
            构造函数
            </summary>
            <param name="boardNum">板卡编号</param>
            <param name="channelID">通道编号</param>
        </member>
        <member name="P:JYPXI62022.JYPXI62022CITask.Mode">
            <summary>
            应用类型
            </summary>
        </member>
        <member name="P:JYPXI62022.JYPXI62022CITask.Counter">
            <summary>
            计数器相关参数设置
            </summary>
        </member>
        <member name="P:JYPXI62022.JYPXI62022CITask.Measure">
            <summary>
            测量相关参数设置
            </summary>
        </member>
        <member name="F:JYPXI62022.JYPXI62022CITask._devHandle">
            <summary>
            操作硬件的对象
            </summary>
        </member>
        <member name="F:JYPXI62022.JYPXI62022CITask._channelID">
            <summary>
            通道ID
            </summary>
        </member>
        <member name="F:JYPXI62022.JYPXI62022CITask._ciStarted">
            <summary>
            CI是否已经启动
            </summary>
        </member>
        <member name="M:JYPXI62022.JYPXI62022CITask.ReadCounter(System.UInt32@)">
            <summary>
            读取计数值
            </summary>
            <param name="buf"></param>
            <returns></returns>
        </member>
        <member name="M:JYPXI62022.JYPXI62022CITask.ReadMeasure(System.Double@)">
            <summary>
            读取测量值(频率值、周期值等)
            </summary>
            <param name="buf"></param>
        </member>
        <member name="M:JYPXI62022.JYPXI62022CITask.Start">
            <summary>
            启动数采任务
            </summary>
            <returns>        
            </returns>
            <remarks> 根据配置启动任务</remarks>
        </member>
        <member name="M:JYPXI62022.JYPXI62022CITask.Stop">
            <summary>
            停止数采任务
            </summary>
            <returns>
            </returns>
            <remarks>停止正在执行的任务</remarks>
        </member>
        <member name="M:JYPXI62022.JYPXI62022CITask.ConfigCI">
            <summary>
            配置Counter In
            </summary>
            <returns></returns>
        </member>
        <member name="T:JYPXI62022.CIMode">
            <summary>
            应用类型枚举
            </summary>
        </member>
        <member name="F:JYPXI62022.CIMode.Counter">
            <summary>
            Gate使能事件计数
            </summary>
        </member>
        <member name="F:JYPXI62022.CIMode.Measure">
            <summary>
            测量
            </summary>
        </member>
        <member name="T:JYPXI62022.CountDirection">
            <summary>
            计数方向枚举
            </summary>
        </member>
        <member name="F:JYPXI62022.CountDirection.Up">
            <summary>
            增计数
            </summary>
        </member>
        <member name="F:JYPXI62022.CountDirection.Down">
            <summary>
            减计数
            </summary>
        </member>
        <member name="T:JYPXI62022.CIClockSource">
            <summary>
            CI的时钟源枚举
            </summary>
        </member>
        <member name="F:JYPXI62022.CIClockSource.Internal">
            <summary>
            内部时钟
            </summary>
        </member>
        <member name="F:JYPXI62022.CIClockSource.External">
            <summary>
            外部时钟
            </summary>
        </member>
        <member name="T:JYPXI62022.CIGateSource">
            <summary>
            CI的Gate源枚举
            </summary>
        </member>
        <member name="F:JYPXI62022.CIGateSource.Internal">
            <summary>
            软件指定
            </summary>
        </member>
        <member name="F:JYPXI62022.CIGateSource.External">
            <summary>
            外部Gate引脚
            </summary>
        </member>
        <member name="T:JYPXI62022.CIPolarity">
            <summary>
            极性设置枚举
            </summary>
        </member>
        <member name="F:JYPXI62022.CIPolarity.LowActive">
            <summary>
            低有效
            </summary>
        </member>
        <member name="F:JYPXI62022.CIPolarity.HighActive">
            <summary>
            高有效
            </summary>
        </member>
        <member name="T:JYPXI62022.CIClockEdge">
            <summary>
            信号沿类型
            </summary>
        </member>
        <member name="F:JYPXI62022.CIClockEdge.Rising">
            <summary>
            上升沿
            </summary>
        </member>
        <member name="F:JYPXI62022.CIClockEdge.Falling">
            <summary>
            下降沿
            </summary>
        </member>
        <member name="T:JYPXI62022.Counter">
            <summary>
            计数器参数设置类
            </summary>
        </member>
        <member name="M:JYPXI62022.Counter.#ctor">
            <summary>
            构造函数
            </summary>
        </member>
        <member name="P:JYPXI62022.Counter.ClockEdge">
            <summary>
            /计数的时钟边沿
            </summary>
        </member>
        <member name="P:JYPXI62022.Counter.ClockSource">
            <summary>
            计数或测量的时钟源选择
            </summary>
        </member>
        <member name="P:JYPXI62022.Counter.Direction">
            <summary>
            计数器计数的方向增加外部引脚决定情况 
            </summary>
        </member>
        <member name="P:JYPXI62022.Counter.GatePolarity">
            <summary>
            计数器Gate有效电平
            </summary>
        </member>
        <member name="P:JYPXI62022.Counter.GateSource">
            <summary>
            计数器Gate源选择
            </summary>
        </member>
        <member name="P:JYPXI62022.Counter.InitialCount">
            <summary>
            计数器初始计数值
            </summary>
        </member>
        <member name="T:JYPXI62022.Measure">
            <summary>
            测量参数配置类
            </summary>
        </member>
        <member name="M:JYPXI62022.Measure.#ctor">
            <summary>
            默认构造函数
            </summary>
        </member>
        <member name="P:JYPXI62022.Measure.ClockEdge">
            <summary>
            计数的时钟边沿
            </summary>
        </member>
        <member name="P:JYPXI62022.Measure.ClockSource">
            <summary>
            计数或测量的时钟源选择
            </summary>
        </member>
        <member name="P:JYPXI62022.Measure.Type">
            <summary>
            测量类型
            </summary>
        </member>
        <member name="P:JYPXI62022.Measure.ExternalClockRate">
            <summary>
            外部时钟的频率,只针对外部时钟有效
            </summary>
        </member>
        <member name="T:JYPXI62022.MeasureType">
            <summary>
            测量类型
            </summary>
        </member>
        <member name="F:JYPXI62022.MeasureType.SinglePeriodMSR">
            <summary>
            Gate上信号的单周期测量
            </summary>
        </member>
        <member name="F:JYPXI62022.MeasureType.SinglePulseWidthMSR">
            <summary>
            Gate上信号的单脉冲宽度测量
            </summary>
        </member>
        <member name="T:JYPXI62022.JYPXI62022COTask">
            <summary>
            CO操作任务类
            </summary>
        </member>
        <member name="M:JYPXI62022.JYPXI62022COTask.#ctor(System.Int32,System.Int32)">
            <summary>
            构造函数
            </summary>
            <param name="boardNum">设备编号</param>
            <param name="channelID">需要用于脉冲生成的通道编号</param>
        </member>
        <member name="P:JYPXI62022.JYPXI62022COTask.Mode">
            <summary>
            应用类型
            </summary>
        </member>
        <member name="P:JYPXI62022.JYPXI62022COTask.Clock">
            <summary>
            计数的时钟边沿
            </summary>
        </member>
        <member name="P:JYPXI62022.JYPXI62022COTask.Gate">
            <summary>
            Gate设置参数
            </summary>
        </member>
        <member name="P:JYPXI62022.JYPXI62022COTask.Pulse">
            <summary>
            脉冲参数设置
            </summary>
        </member>
        <member name="F:JYPXI62022.JYPXI62022COTask._devHandle">
            <summary>
            操作硬件的对象
            </summary>
        </member>
        <member name="F:JYPXI62022.JYPXI62022COTask._channelID">
            <summary>
            通道ID
            </summary>
        </member>
        <member name="F:JYPXI62022.JYPXI62022COTask._coStarted">
            <summary>
            CO是否已启动的标志
            </summary>
        </member>
        <member name="M:JYPXI62022.JYPXI62022COTask.ApplyParam">
            <summary>
            应用参数配置
            </summary>
            <returns></returns>
        </member>
        <member name="M:JYPXI62022.JYPXI62022COTask.Start">
            <summary>
            启动数采任务
            </summary>
            <returns>
            </returns>
            <remarks> 根据配置启动任务</remarks>
        </member>
        <member name="M:JYPXI62022.JYPXI62022COTask.Stop">
            <summary>
            停止数采任务
            </summary>
            <returns>        
            </returns>
            <remarks>停止正在执行的任务</remarks>
        </member>
        <member name="M:JYPXI62022.JYPXI62022COTask.ConfigCO(System.Boolean)">
            <summary>
            配置Counter Out
            </summary>
            <returns></returns>
        </member>
        <member name="T:JYPXI62022.DutyCycleFrequency">
            <summary>
            按占空比和频率设置
            </summary>
        </member>
        <member name="M:JYPXI62022.DutyCycleFrequency.#ctor">
            <summary>
            默认构造函数
            </summary>
        </member>
        <member name="P:JYPXI62022.DutyCycleFrequency.DutyCycle">
            <summary>
            输出脉冲的占空比
            </summary>
        </member>
        <member name="P:JYPXI62022.DutyCycleFrequency.Frequency">
            <summary>
            输出脉冲的频率
            </summary>
        </member>
        <member name="T:JYPXI62022.Time">
            <summary>
            按高低电平时间设置
            </summary>
        </member>
        <member name="M:JYPXI62022.Time.#ctor">
            <summary>
            默认构造函数
            </summary>
        </member>
        <member name="P:JYPXI62022.Time.High">
            <summary>
            脉冲高电平时间
            </summary>
        </member>
        <member name="P:JYPXI62022.Time.Low">
            <summary>
            脉冲低电平时间
            </summary>
        </member>
        <member name="T:JYPXI62022.Tick">
            <summary>
            按高低电平Tick设置
            </summary>
        </member>
        <member name="M:JYPXI62022.Tick.#ctor">
            <summary>
            默认构造函数
            </summary>
        </member>
        <member name="P:JYPXI62022.Tick.High">
            <summary>
            脉冲高电平Tick
            </summary>
        </member>
        <member name="P:JYPXI62022.Tick.Low">
            <summary>
            脉冲低电平Tick
            </summary>
        </member>
        <member name="T:JYPXI62022.COSignalLevel">
            <summary>
            信号电平枚举
            </summary>
        </member>
        <member name="F:JYPXI62022.COSignalLevel.Low">
            <summary>
            低电平
            </summary>
        </member>
        <member name="F:JYPXI62022.COSignalLevel.High">
            <summary>
            高电平
            </summary>
        </member>
        <member name="T:JYPXI62022.COPolarity">
            <summary>
            极性设置枚举
            </summary>
        </member>
        <member name="F:JYPXI62022.COPolarity.HighActive">
            <summary>
            高有效
            </summary>
        </member>
        <member name="F:JYPXI62022.COPolarity.LowActive">
            <summary>
            低有效
            </summary>
        </member>
        <member name="T:JYPXI62022.COMode">
            <summary>
            应用类型枚举
            </summary>
        </member>
        <member name="F:JYPXI62022.COMode.SingleGatedPulseGen">
            <summary>
            Gate使能单脉冲生成
            </summary>
        </member>
        <member name="F:JYPXI62022.COMode.SingleTrigPulseGen">
            <summary>
            触发单次脉冲生成
            </summary>
        </member>
        <member name="F:JYPXI62022.COMode.RetrigSinglePulseGen">
            <summary>
            重触发单个脉冲生成
            </summary>
        </member>
        <member name="F:JYPXI62022.COMode.SingleTrigContPulseGen">
            <summary>
            单次触发连续脉冲输出
            </summary>
        </member>
        <member name="F:JYPXI62022.COMode.ContGatedPulseGen">
            <summary>
            连续门使能脉冲输出
            </summary>
        </member>
        <member name="T:JYPXI62022.COClockSource">
            <summary>
            CI的时钟源枚举
            </summary>
        </member>
        <member name="F:JYPXI62022.COClockSource.Internal">
            <summary>
            内部时钟
            </summary>
        </member>
        <member name="F:JYPXI62022.COClockSource.External">
            <summary>
            外部时钟
            </summary>
        </member>
        <member name="T:JYPXI62022.COGateSource">
            <summary>
            CI的Gate源枚举
            </summary>
        </member>
        <member name="F:JYPXI62022.COGateSource.Internal">
            <summary>
            软件指定
            </summary>
        </member>
        <member name="F:JYPXI62022.COGateSource.External">
            <summary>
            外部Gate引脚
            </summary>
        </member>
        <member name="T:JYPXI62022.COSignalEdge">
            <summary>
            信号沿类型
            </summary>
        </member>
        <member name="F:JYPXI62022.COSignalEdge.Rising">
            <summary>
            上升沿
            </summary>
        </member>
        <member name="F:JYPXI62022.COSignalEdge.Falling">
            <summary>
            下降沿
            </summary>
        </member>
        <member name="T:JYPXI62022.COClock">
            <summary>
            CO时钟设置
            </summary>
        </member>
        <member name="M:JYPXI62022.COClock.#ctor">
            <summary>
            默认构造函数
            </summary>
        </member>
        <member name="P:JYPXI62022.COClock.Edge">
            <summary>
            计数器的时钟边沿选择
            </summary>
        </member>
        <member name="P:JYPXI62022.COClock.Source">
            <summary>
            计数或测量的时钟源选择
            </summary>
        </member>
        <member name="T:JYPXI62022.COGate">
            <summary>
            Gate相关设置
            </summary>
        </member>
        <member name="M:JYPXI62022.COGate.#ctor">
            <summary>
            默认构造函数
            </summary>
        </member>
        <member name="P:JYPXI62022.COGate.Polarity">
            <summary>
            计数器Gate有效电平
            </summary>
        </member>
        <member name="P:JYPXI62022.COGate.Source">
            <summary>
            计数器Gate源选择
            </summary>
        </member>
        <member name="T:JYPXI62022.COPulse">
            <summary>
            CO脉冲的参数设置
            </summary>
        </member>
        <member name="M:JYPXI62022.COPulse.#ctor">
            <summary>
            默认构造函数，做一些初始化操作
            </summary>
        </member>
        <member name="P:JYPXI62022.COPulse.InitialDelay">
            <summary>
            输出脉冲的初始延迟, 以Tick为单位
            </summary>
        </member>
        <member name="P:JYPXI62022.COPulse.Type">
            <summary>
            是否使用频率和占空比指定脉冲参数
            </summary>
        </member>
        <member name="T:JYPXI62022.COPulseType">
            <summary>
            CO输出脉冲参数的设置类型
            </summary>
        </member>
        <member name="F:JYPXI62022.COPulseType.DutyCycleFrequency">
            <summary>
            用占空比和频率设置
            </summary>
        </member>
        <member name="F:JYPXI62022.COPulseType.HighLowTime">
            <summary>
            用高电平时间和低电平时间设置
            </summary>
        </member>
        <member name="F:JYPXI62022.COPulseType.HighLowTick">
            <summary>
            用高电平和低电平的Tick数设置
            </summary>
        </member>
        <member name="T:JYPXI62022.JYPXI62022DITask">
            <summary>
            DIO操作任务类
            </summary>
        </member>
        <member name="M:JYPXI62022.JYPXI62022DITask.#ctor(System.Int32)">
            <summary>
            构造函数
            </summary>
            <param name="boardNum">板卡编号</param>
        </member>
        <member name="F:JYPXI62022.JYPXI62022DITask._deviceHandle">
            <summary>
            操作硬件的对象
            </summary>
        </member>
        <member name="P:JYPXI62022.JYPXI62022DITask.Channels">
            <summary>
            通道列表
            </summary>
        </member>
        <member name="M:JYPXI62022.JYPXI62022DITask.AddChannel(System.Int32,System.Int32[])">
            <summary>
            添加通道
            </summary>
            <param name="portNum">端口号</param>
            <param name="bitNum">位号，从0开始。小于0则添加整个端口。</param>
            <returns></returns>
        </member>
        <member name="M:JYPXI62022.JYPXI62022DITask.RemoveChannel(System.Int32,System.Int32[])">
            <summary>
            删除指定端口号和位号的通道。位号小于0时表示删除指定端口号的所有通道。
            </summary>
            <param name="portNum">端口号</param>
            <param name="bitNum">端口中的位号</param>
        </member>
        <member name="M:JYPXI62022.JYPXI62022DITask.ReadSinglePoint(System.Boolean[]@)">
            <summary>
            每通道读取最新的一个点，非缓冲式读取。
            </summary>
            <param name="buf">用户缓冲区数组。数组大小须不小于<see cref="!:_channels.count"/>。</param>
        </member>
        <member name="M:JYPXI62022.JYPXI62022DITask.ReserveDIOCfg">
            <summary>
            占用DIO Lines
            </summary>
            <returns></returns>
        </member>
        <member name="M:JYPXI62022.JYPXI62022DITask.UnReserveDIO">
            <summary>
            取消占用DIO Lines
            </summary>
            <returns></returns>
        </member>
        <member name="T:JYPXI62022.DIChannel">
            <summary>
            DIO通道参数类
            </summary>
        </member>
        <member name="P:JYPXI62022.DIChannel.PortNum">
            <summary>
            端口号，从0开始
            </summary>
        </member>
        <member name="P:JYPXI62022.DIChannel.BitNum">
            <summary>
            端口中的位号，从0开始。提供小于0的值，将获得值0.
            </summary>
        </member>
        <member name="M:JYPXI62022.DIChannel.#ctor(System.Int32,System.Int32[])">
            <summary>
            构造函数
            </summary>
            <param name="chnName">通道名称</param>
            <param name="portNum">端口号</param>
            <param name="bitNum">端口中的位号</param>
        </member>
        <member name="T:JYPXI62022.JYPXI62022DOTask">
            <summary>
            DIO操作任务类
            </summary>
        </member>
        <member name="M:JYPXI62022.JYPXI62022DOTask.#ctor(System.Int32)">
            <summary>
            构造函数
            </summary>
            <param name="boardNum">板卡编号</param>
        </member>
        <member name="F:JYPXI62022.JYPXI62022DOTask._deviceHandle">
            <summary>
            操作硬件的对象
            </summary>
        </member>
        <member name="P:JYPXI62022.JYPXI62022DOTask.Channels">
            <summary>
            通道列表
            </summary>
        </member>
        <member name="M:JYPXI62022.JYPXI62022DOTask.AddChannel(System.Int32,System.Int32[])">
            <summary>
            添加通道
            </summary>
            <param name="chnName">通道名称</param>
            <param name="portNum">端口号</param>
            <param name="bitNum">位号，从0开始。小于0则添加整个端口。</param>
            <returns></returns>
        </member>
        <member name="M:JYPXI62022.JYPXI62022DOTask.RemoveChannel(System.Int32,System.Int32[])">
            <summary>
            删除指定端口号和位号的通道。位号小于0时表示删除指定端口号的所有通道。
            </summary>
            <param name="portNum">端口号</param>
            <param name="bitNum">端口中的位号</param>
        </member>
        <member name="M:JYPXI62022.JYPXI62022DOTask.WriteSinglePoint(System.Boolean[])">
            <summary>
            每通道更新一个点, 非缓冲式更新。
            </summary>
            <param name="buf">用户缓冲区数组, 数组大小须不小于<see cref="!:_channels.count"/></param>
            <remarks>用于软件定时DIO操作。</remarks>
        </member>
        <member name="M:JYPXI62022.JYPXI62022DOTask.ReserveDIOCfg">
            <summary>
            占用DIO Lines
            </summary>
            <returns></returns>
        </member>
        <member name="M:JYPXI62022.JYPXI62022DOTask.UnReserveDIO">
            <summary>
            取消占用DIO Lines
            </summary>
            <returns></returns>
        </member>
        <member name="T:JYPXI62022.DOChannel">
            <summary>
            DIO通道参数类
            </summary>
        </member>
        <member name="P:JYPXI62022.DOChannel.PortNum">
            <summary>
            端口号，从0开始
            </summary>
        </member>
        <member name="P:JYPXI62022.DOChannel.BitNum">
            <summary>
            端口中的位号，从0开始。提供小于0的值，将获得值0.
            </summary>
        </member>
        <member name="M:JYPXI62022.DOChannel.#ctor(System.Int32,System.Int32[])">
            <summary>
            构造函数
            </summary>
            <param name="chnName">通道名称</param>
            <param name="portNum">端口号</param>
            <param name="bitNum">端口中的位号</param>
        </member>
    </members>
</doc>
