{
    "widgetList":[
        {
            "widgetComponentName":"LabelStatus",
            "ref":"0",
            "x":6,
            "y":2,
            "w":3,
            "h":4,
            "i":0,
            "moved":false,
            "widgetConfig":[
                {
                    "WidgetComponentName":"LabelStatus",
                    "data":{
                        "url":"http://localhost:8001/Daq/CurrentStateName",
                        "displayname":"",
                        "userInputData":""
                    }
                },
                {
                    "edit":{
                        "type":"LabelStatus",
                        "parseUrl":"",
                        "url":"http://localhost:8001/Daq/CurrentStateName",
                        "index":"0",
                        "isShowStateVlaue":false,
                        "isSubscribe":false
                    },
                    "props":{
                        "fontSize":22,
                        "title":"Daq",
                        "titleSize":"is-medium",
                        "unit":"",
                        "EventType":"DataPublish"
                    },
                    "params":{
                        "PokedPath":"http://localhost:8001/Daq/CurrentStateName",
                        "action":"get",
                        "Args":{
                            "action":"get",
                            "variables":[

                            ],
                            "target":[
                                "self"
                            ]
                        },
                        "tempUserInputData":{

                        },
                        "shouldUpdate":false,
                        "userInputData":[

                        ]
                    }
                }
            ]
        },
        {
            "widgetComponentName":"Grid",
            "ref":"1",
            "x":0,
            "y":6,
            "w":20,
            "h":2,
            "i":1,
            "moved":false,
            "widgetConfig":[
                {
                    "WidgetComponentName":"Grid",
                    "data":{

                    }
                },
                {
                    "edit":{
                        "type":"Grid",
                        "index":"1"
                    },
                    "props":{
                        "color":"",
                        "title":""
                    },
                    "params":{

                    }
                }
            ]
        },
        {
            "widgetComponentName":"BoolConfig",
            "ref":"2",
            "x":12,
            "y":2,
            "w":2,
            "h":4,
            "i":2,
            "moved":false,
            "widgetConfig":[
                {
                    "WidgetComponentName":"BoolConfig",
                    "data":{
                        "displayname":"",
                        "url":"",
                        "get":{
                            "url":"/relay/Resource/Daq/Arm",
                            "userInputData":""
                        },
                        "set":{
                            "url":"/relay/Resource/Daq/Arm/$v$",
                            "userInputData":""
                        }
                    }
                },
                {
                    "edit":{
                        "url":"",
                        "parseUrl":"/relay/Resource/Daq/Arm",
                        "setConfigUrl":"/relay/Resource/Daq/Arm/$v$",
                        "setLabel":"v",
                        "type":"Boolconfig",
                        "index":"2",
                        "isSubscribe":false
                    },
                    "props":{
                        "title":"Arm",
                        "titleSize":"is-medium"
                    },
                    "params":{
                        "PokedPath":"",
                        "action":"get",
                        "Args":{
                            "action":"get",
                            "variables":[

                            ],
                            "target":[
                                "self"
                            ]
                        },
                        "tempUserInputData":{

                        },
                        "setLabel":"",
                        "shouldUpdate":false,
                        "userInputData":[

                        ]
                    }
                }
            ]
        },
        {
            "widgetComponentName":"BoolConfig",
            "ref":"3",
            "x":15,
            "y":2,
            "w":2,
            "h":4,
            "i":3,
            "moved":false,
            "widgetConfig":[
                {
                    "WidgetComponentName":"BoolConfig",
                    "data":{
                        "displayname":"",
                        "url":"",
                        "get":{
                            "url":"/relay/Resource/Daq/Reset",
                            "userInputData":""
                        },
                        "set":{
                            "url":"/relay/Resource/Daq/Reset/$v$",
                            "userInputData":""
                        }
                    }
                },
                {
                    "edit":{
                        "url":"",
                        "parseUrl":"/relay/Resource/Daq/Reset",
                        "setConfigUrl":"/relay/Resource/Daq/Reset/$v$",
                        "setLabel":"v",
                        "type":"Boolconfig",
                        "index":"3",
                        "isSubscribe":false
                    },
                    "props":{
                        "title":"Reset",
                        "titleSize":"is-medium"
                    },
                    "params":{
                        "PokedPath":"",
                        "action":"get",
                        "Args":{
                            "action":"get",
                            "variables":[

                            ],
                            "target":[
                                "self"
                            ]
                        },
                        "tempUserInputData":{

                        },
                        "setLabel":"",
                        "shouldUpdate":false,
                        "userInputData":[

                        ]
                    }
                }
            ]
        },
        {
            "widgetComponentName":"Grid",
            "ref":"4",
            "x":0,
            "y":0,
            "w":20,
            "h":2,
            "i":4,
            "moved":false,
            "widgetConfig":[
                {
                    "WidgetComponentName":"Grid",
                    "data":{

                    }
                },
                {
                    "edit":{
                        "type":"Grid",
                        "index":"4"
                    },
                    "props":{
                        "color":"",
                        "title":""
                    },
                    "params":{

                    }
                }
            ]
        },
        {
            "widgetComponentName":"LabelStatus",
            "ref":"5",
            "x":0,
            "y":2,
            "w":3,
            "h":4,
            "i":5,
            "moved":false,
            "widgetConfig":[
                {
                    "WidgetComponentName":"LabelStatus",
                    "data":{
                        "url":"http://192.168.0.2:8003/GC/CurrentStateName",
                        "displayname":"",
                        "userInputData":""
                    }
                },
                {
                    "edit":{
                        "type":"LabelStatus",
                        "parseUrl":"",
                        "url":"http://192.168.0.2:8003/GC/CurrentStateName",
                        "index":"5",
                        "isShowStateVlaue":false,
                        "isSubscribe":false
                    },
                    "props":{
                        "fontSize":22,
                        "title":"GC",
                        "titleSize":"is-medium",
                        "unit":"",
                        "EventType":"DataPublish"
                    },
                    "params":{
                        "PokedPath":"http://192.168.0.2:8003/GC/CurrentStateName",
                        "action":"get",
                        "Args":{
                            "action":"get",
                            "variables":[

                            ],
                            "target":[
                                "self"
                            ]
                        },
                        "tempUserInputData":{

                        },
                        "shouldUpdate":false,
                        "userInputData":[

                        ]
                    }
                }
            ]
        },
        {
            "widgetComponentName":"LabelStatus",
            "ref":"6",
            "x":3,
            "y":2,
            "w":3,
            "h":4,
            "i":6,
            "moved":false,
            "widgetConfig":[
                {
                    "WidgetComponentName":"LabelStatus",
                    "data":{
                        "url":"http://192.168.0.3:8001/MDSplusThing/ShotNo",
                        "displayname":"",
                        "userInputData":""
                    }
                },
                {
                    "edit":{
                        "type":"LabelStatus",
                        "parseUrl":"",
                        "url":"http://192.168.0.3:8001/MDSplusThing/ShotNo",
                        "index":"6",
                        "isShowStateVlaue":false,
                        "isSubscribe":false
                    },
                    "props":{
                        "fontSize":22,
                        "title":"Shot",
                        "titleSize":"is-medium",
                        "unit":"",
                        "EventType":"DataPublish"
                    },
                    "params":{
                        "PokedPath":"http://192.168.0.3:8001/MDSplusThing/ShotNo",
                        "action":"get",
                        "Args":{
                            "action":"get",
                            "variables":[

                            ],
                            "target":[
                                "self"
                            ]
                        },
                        "tempUserInputData":{

                        },
                        "shouldUpdate":false,
                        "userInputData":[

                        ]
                    }
                }
            ]
        },
		{
            "widgetComponentName":"LabelStatus",
            "ref":"7",
            "x":0,
            "y":8,
            "w":4,
            "h":4,
            "i":7,
            "moved":false,
            "widgetConfig":[
                {
                    "WidgetComponentName":"LabelStatus",
                    "data":{
                        "url":"http://localhost:8001/card0/AIState",
                        "displayname":"",
                        "userInputData":""
                    }
                },
                {
                    "edit":{
                        "type":"LabelStatus",
                        "parseUrl":"",
                        "url":"http://localhost:8001/card0/AIState",
                        "index":"7",
                        "isShowStateVlaue":false,
                        "isSubscribe":false
                    },
                    "props":{
                        "fontSize":22,
                        "title":"card0",
                        "titleSize":"is-medium",
                        "unit":"",
                        "EventType":"DataPublish"
                    },
                    "params":{
                        "PokedPath":"http://localhost:8001/card0/AIState",
                        "action":"get",
                        "Args":{
                            "action":"get",
                            "variables":[

                            ],
                            "target":[
                                "self"
                            ]
                        },
                        "tempUserInputData":{

                        },
                        "shouldUpdate":false,
                        "userInputData":[

                        ]
                    }
                }
            ]
        },
        {
            "widgetComponentName":"LabelStatus",
            "ref":"8",
            "x":0,
            "y":12,
            "w":4,
            "h":4,
            "i":8,
            "moved":false,
            "widgetConfig":[
                {
                    "WidgetComponentName":"LabelStatus",
                    "data":{
                        "url":"http://localhost:8001/card1/AIState",
                        "displayname":"",
                        "userInputData":""
                    }
                },
                {
                    "edit":{
                        "type":"LabelStatus",
                        "parseUrl":"",
                        "url":"http://localhost:8001/card1/AIState",
                        "index":"8",
                        "isShowStateVlaue":false,
                        "isSubscribe":false
                    },
                    "props":{
                        "fontSize":22,
                        "title":"card1",
                        "titleSize":"is-medium",
                        "unit":"",
                        "EventType":"DataPublish"
                    },
                    "params":{
                        "PokedPath":"http://localhost:8001/card1/AIState",
                        "action":"get",
                        "Args":{
                            "action":"get",
                            "variables":[

                            ],
                            "target":[
                                "self"
                            ]
                        },
                        "tempUserInputData":{

                        },
                        "shouldUpdate":false,
                        "userInputData":[

                        ]
                    }
                }
            ]
        },
        {
            "widgetComponentName":"LabelStatus",
            "ref":"9",
            "x":0,
            "y":16,
            "w":4,
            "h":4,
            "i":9,
            "moved":false,
            "widgetConfig":[
                {
                    "WidgetComponentName":"LabelStatus",
                    "data":{
                        "url":"http://localhost:8001/card2/AIState",
                        "displayname":"",
                        "userInputData":""
                    }
                },
                {
                    "edit":{
                        "type":"LabelStatus",
                        "parseUrl":"",
                        "url":"http://localhost:8001/card2/AIState",
                        "index":"9",
                        "isShowStateVlaue":false,
                        "isSubscribe":false
                    },
                    "props":{
                        "fontSize":22,
                        "title":"card2",
                        "titleSize":"is-medium",
                        "unit":"",
                        "EventType":"DataPublish"
                    },
                    "params":{
                        "PokedPath":"http://localhost:8001/card2/AIState",
                        "action":"get",
                        "Args":{
                            "action":"get",
                            "variables":[

                            ],
                            "target":[
                                "self"
                            ]
                        },
                        "tempUserInputData":{

                        },
                        "shouldUpdate":false,
                        "userInputData":[

                        ]
                    }
                }
            ]
        },
        {
            "widgetComponentName":"LabelStatus",
            "ref":"10",
            "x":0,
            "y":20,
            "w":4,
            "h":4,
            "i":10,
            "moved":false,
            "widgetConfig":[
                {
                    "WidgetComponentName":"LabelStatus",
                    "data":{
                        "url":"http://localhost:8001/card3/AIState",
                        "displayname":"",
                        "userInputData":""
                    }
                },
                {
                    "edit":{
                        "type":"LabelStatus",
                        "parseUrl":"",
                        "url":"http://localhost:8001/card3/AIState",
                        "index":"10",
                        "isShowStateVlaue":false,
                        "isSubscribe":false
                    },
                    "props":{
                        "fontSize":22,
                        "title":"card3",
                        "titleSize":"is-medium",
                        "unit":"",
                        "EventType":"DataPublish"
                    },
                    "params":{
                        "PokedPath":"http://localhost:8001/card3/AIState",
                        "action":"get",
                        "Args":{
                            "action":"get",
                            "variables":[

                            ],
                            "target":[
                                "self"
                            ]
                        },
                        "tempUserInputData":{

                        },
                        "shouldUpdate":false,
                        "userInputData":[

                        ]
                    }
                }
            ]
        },
        {
            "widgetComponentName":"LabelStatus",
            "ref":"11",
            "x":0,
            "y":24,
            "w":4,
            "h":4,
            "i":11,
            "moved":false,
            "widgetConfig":[
                {
                    "WidgetComponentName":"LabelStatus",
                    "data":{
                        "url":"http://localhost:8001/card4/AIState",
                        "displayname":"",
                        "userInputData":""
                    }
                },
                {
                    "edit":{
                        "type":"LabelStatus",
                        "parseUrl":"",
                        "url":"http://localhost:8001/card4/AIState",
                        "index":"11",
                        "isShowStateVlaue":false,
                        "isSubscribe":false
                    },
                    "props":{
                        "fontSize":22,
                        "title":"card4",
                        "titleSize":"is-medium",
                        "unit":"",
                        "EventType":"DataPublish"
                    },
                    "params":{
                        "PokedPath":"http://localhost:8001/card4/AIState",
                        "action":"get",
                        "Args":{
                            "action":"get",
                            "variables":[

                            ],
                            "target":[
                                "self"
                            ]
                        },
                        "tempUserInputData":{

                        },
                        "shouldUpdate":false,
                        "userInputData":[

                        ]
                    }
                }
            ]
        },
        {
            "widgetComponentName":"LabelStatus",
            "ref":"12",
            "x":0,
            "y":28,
            "w":4,
            "h":4,
            "i":12,
            "moved":false,
            "widgetConfig":[
                {
                    "WidgetComponentName":"LabelStatus",
                    "data":{
                        "url":"http://localhost:8001/card5/AIState",
                        "displayname":"",
                        "userInputData":""
                    }
                },
                {
                    "edit":{
                        "type":"LabelStatus",
                        "parseUrl":"",
                        "url":"http://localhost:8001/card5/AIState",
                        "index":"12",
                        "isShowStateVlaue":false,
                        "isSubscribe":false
                    },
                    "props":{
                        "fontSize":22,
                        "title":"card5",
                        "titleSize":"is-medium",
                        "unit":"",
                        "EventType":"DataPublish"
                    },
                    "params":{
                        "PokedPath":"http://localhost:8001/card5/AIState",
                        "action":"get",
                        "Args":{
                            "action":"get",
                            "variables":[

                            ],
                            "target":[
                                "self"
                            ]
                        },
                        "tempUserInputData":{

                        },
                        "shouldUpdate":false,
                        "userInputData":[

                        ]
                    }
                }
            ]
        },
        {
            "widgetComponentName":"LabelStatus",
            "ref":"13",
            "x":0,
            "y":32,
            "w":4,
            "h":4,
            "i":13,
            "moved":false,
            "widgetConfig":[
                {
                    "WidgetComponentName":"LabelStatus",
                    "data":{
                        "url":"http://localhost:8001/card6/AIState",
                        "displayname":"",
                        "userInputData":""
                    }
                },
                {
                    "edit":{
                        "type":"LabelStatus",
                        "parseUrl":"",
                        "url":"http://localhost:8001/card6/AIState",
                        "index":"13",
                        "isShowStateVlaue":false,
                        "isSubscribe":false
                    },
                    "props":{
                        "fontSize":22,
                        "title":"card6",
                        "titleSize":"is-medium",
                        "unit":"",
                        "EventType":"DataPublish"
                    },
                    "params":{
                        "PokedPath":"http://localhost:8001/card6/AIState",
                        "action":"get",
                        "Args":{
                            "action":"get",
                            "variables":[

                            ],
                            "target":[
                                "self"
                            ]
                        },
                        "tempUserInputData":{

                        },
                        "shouldUpdate":false,
                        "userInputData":[

                        ]
                    }
                }
            ]
        }
    ],
    "currentRef":"14"
}

