{"widgetList":[{"widgetComponentName":"LabelStatus","ref":"0","x":8,"y":8,"w":4,"h":5,"i":0,"moved":false,"widgetConfig":[{"WidgetComponentName":"LabelStatus","data":{"url":"http://localhost:8001/Dev1/AIState","displayname":"","userInputData":""}},{"edit":{"type":"LabelStatus","parseUrl":"","url":"http://localhost:8001/Dev1/AIState","index":"0","isShowStateVlaue":false,"isSubscribe":false},"props":{"fontSize":22,"title":"Dev1","titleSize":"","unit":"","EventType":"DataPublish"},"params":{"PokedPath":"http://localhost:8001/Dev1/AIState","action":"get","Args":{"action":"get","variables":[],"target":["self"]},"tempUserInputData":{},"shouldUpdate":false,"userInputData":[]}}]},{"widgetComponentName":"LabelStatus","ref":"1","x":12,"y":8,"w":4,"h":5,"i":1,"moved":false,"widgetConfig":[{"WidgetComponentName":"LabelStatus","data":{"url":"http://localhost:8001/Dev2/AIState","displayname":"","userInputData":""}},{"edit":{"type":"LabelStatus","parseUrl":"","url":"http://localhost:8001/Dev2/AIState","index":"1","isShowStateVlaue":false,"isSubscribe":false},"props":{"fontSize":22,"title":"Dev2","titleSize":"","unit":"","EventType":"DataPublish"},"params":{"PokedPath":"http://localhost:8001/Dev2/AIState","action":"get","Args":{"action":"get","variables":[],"target":["self"]},"tempUserInputData":{},"shouldUpdate":false,"userInputData":[]}}]},{"widgetComponentName":"LabelStatus","ref":"2","x":16,"y":8,"w":4,"h":5,"i":2,"moved":false,"widgetConfig":[{"WidgetComponentName":"LabelStatus","data":{"url":"http://localhost:8001/Dev3/AIState","displayname":"","userInputData":""}},{"edit":{"type":"LabelStatus","parseUrl":"","url":"http://localhost:8001/Dev3/AIState","index":"2","isShowStateVlaue":false,"isSubscribe":false},"props":{"fontSize":22,"title":"Dev3","titleSize":"","unit":"","EventType":"DataPublish"},"params":{"PokedPath":"http://localhost:8001/Dev3/AIState","action":"get","Args":{"action":"get","variables":[],"target":["self"]},"tempUserInputData":{},"shouldUpdate":false,"userInputData":[]}}]},{"widgetComponentName":"LabelStatus","ref":"3","x":0,"y":8,"w":8,"h":5,"i":3,"moved":false,"widgetConfig":[{"WidgetComponentName":"LabelStatus","data":{"url":"http://localhost:8001/Daq/CurrentStateName","displayname":"","userInputData":""}},{"edit":{"type":"LabelStatus","parseUrl":"","url":"http://localhost:8001/Daq/CurrentStateName","index":"3","isShowStateVlaue":false,"isSubscribe":false},"props":{"fontSize":22,"title":"Daq CurrentState","titleSize":"is-large","unit":"","EventType":"DataPublish"},"params":{"PokedPath":"http://localhost:8001/Daq/CurrentStateName","action":"get","Args":{"action":"get","variables":[],"target":["self"]},"tempUserInputData":{},"shouldUpdate":false,"userInputData":[]}}]},{"widgetComponentName":"Grid","ref":"4","x":0,"y":6,"w":28,"h":2,"i":4,"moved":false,"widgetConfig":[{"WidgetComponentName":"Grid","data":{}},{"edit":{"type":"Grid","index":"4"},"props":{"color":"","title":""},"params":{}}]},{"widgetComponentName":"BoolConfig","ref":"5","x":23,"y":8,"w":3,"h":3,"i":5,"moved":false,"widgetConfig":[{"WidgetComponentName":"BoolConfig","data":{"displayname":"","url":"","get":{"url":"/relay/Resource/Daq/Arm","userInputData":""},"set":{"url":"/relay/Resource/Daq/Arm/$v$","userInputData":""}}},{"edit":{"url":"","parseUrl":"/relay/Resource/Daq/Arm","setConfigUrl":"/relay/Resource/Daq/Arm/$v$","setLabel":"v","type":"Boolconfig","index":"5","isSubscribe":false},"props":{"title":"Arm","titleSize":"is-small"},"params":{"PokedPath":"","action":"get","Args":{"action":"get","variables":[["v",1]],"target":["self"]},"tempUserInputData":{},"setLabel":"","shouldUpdate":false,"userInputData":[["v",1]]}}]},{"widgetComponentName":"BoolConfig","ref":"6","x":23,"y":11,"w":3,"h":3,"i":6,"moved":false,"widgetConfig":[{"WidgetComponentName":"BoolConfig","data":{"displayname":"","url":"","get":{"url":"/relay/Resource/Daq/Reset","userInputData":""},"set":{"url":"/relay/Resource/Daq/Reset/$v$","userInputData":""}}},{"edit":{"url":"","parseUrl":"/relay/Resource/Daq/Reset","setConfigUrl":"/relay/Resource/Daq/Reset/$v$","setLabel":"v","type":"Boolconfig","index":"6","isSubscribe":false},"props":{"title":"Reset","titleSize":"is-small"},"params":{"PokedPath":"","action":"get","Args":{"action":"get","variables":[["v",0]],"target":["self"]},"tempUserInputData":{},"setLabel":"","shouldUpdate":false,"userInputData":[["v",null]]}}]},{"widgetComponentName":"Grid","ref":"7","x":0,"y":0,"w":28,"h":2,"i":7,"moved":false,"widgetConfig":[{"WidgetComponentName":"Grid","data":{}},{"edit":{"type":"Grid","index":"7"},"props":{"color":"","title":""},"params":{}}]},{"widgetComponentName":"LabelStatus","ref":"8","x":0,"y":2,"w":8,"h":4,"i":8,"moved":false,"widgetConfig":[{"WidgetComponentName":"LabelStatus","data":{"url":"http://192.168.0.2:8003/GC/CurrentStateName","displayname":"","userInputData":""}},{"edit":{"type":"LabelStatus","parseUrl":"","url":"http://192.168.0.2:8003/GC/CurrentStateName","index":"8","isShowStateVlaue":false,"isSubscribe":false},"props":{"fontSize":22,"title":"GC CurrentStateName","titleSize":"is-medium","unit":"","EventType":"DataPublish"},"params":{"PokedPath":"http://192.168.0.2:8003/GC/CurrentStateName","action":"get","Args":{"action":"get","variables":[],"target":["self"]},"tempUserInputData":{},"shouldUpdate":false,"userInputData":[]}}]},{"widgetComponentName":"Config","ref":"9","x":8,"y":2,"w":8,"h":4,"i":9,"moved":false,"widgetConfig":[{"WidgetComponentName":"Config","data":{"displayname":"","url":"http://192.168.0.3:8001/MDSplusThing/ShotNo","get":{"url":"","userInputData":{}},"set":{"url":"","userInputData":{}}}},{"edit":{"url":"http://192.168.0.3:8001/MDSplusThing/ShotNo","parseUrl":"","setConfigUrl":"","setLabel":"","type":"config","index":"9","isSubscribe":false},"props":{"title":"ShotNo(ReadOnly)","titleSize":"is-medium","fontSize":25},"params":{"PokedPath":"http://192.168.0.3:8001/MDSplusThing/ShotNo","action":"get","Args":{"action":"get","variables":[],"target":["self"]},"tempUserInputData":{},"setLabel":"","shouldUpdate":false,"userInputData":[]}}]}],"currentRef":"10"}